Timestamp,Fx,Fy,Fz,Mx,My,Mz
1681226038526888,0.02168109081685543,-0.007071079220622778,0.025734541937708855,-0.07166489958763123,-0.10296808183193207,-0.01013600267469883
1681226038536331,-0.4993596374988556,0.014617681503295898,-2.623828172683716,6.913291931152344,35.24144744873047,-0.27573299407958984
1681226038546314,-0.49518147110939026,0.025418996810913086,-2.6551241874694824,6.965273857116699,35.65095520019531,-0.16424179077148438
1681226038556397,-0.49179330468177795,0.02831435203552246,-2.654421329498291,6.962553024291992,35.766929626464844,-0.15767765045166016
1681226038566303,-0.49793797731399536,0.021777629852294922,-2.628063201904297,6.91500186920166,35.499210357666016,-0.2671957015991211
1681226038576116,-0.49986615777015686,0.007518291473388672,-2.5797362327575684,6.83677864074707,34.995521545410156,-0.45336151123046875
1681226038586324,-0.4977187216281891,-0.004601001739501953,-2.552537202835083,6.794439315795898,34.62099075317383,-0.556218147277832
1681226038596234,-0.49624836444854736,-0.004336118698120117,-2.564504384994507,6.8116559982299805,34.6042594909668,-0.511540412902832
1681226038606319,-0.4976072609424591,0.0065174102783203125,-2.6126861572265625,6.892926216125488,35.03178405761719,-0.3548402786254883
1681226038616335,-0.4981832504272461,0.023113012313842773,-2.651672124862671,6.952110290527344,35.534332275390625,-0.18806934356689453
1681226038626144,-0.4986146092414856,0.033234357833862305,-2.66291880607605,6.961687088012695,35.767173767089844,-0.11454391479492188
1681226038636288,-0.5022281408309937,0.03357195854187012,-2.645012378692627,6.923004150390625,35.64561080932617,-0.1457500457763672
1681226038646344,-0.5033360123634338,0.025454998016357422,-2.6094658374786377,6.86610221862793,35.31003189086914,-0.25194358825683594
1681226038656320,-0.5010448694229126,0.017719030380249023,-2.5905990600585938,6.8338303565979,35.03976058959961,-0.31877994537353516
1681226038666330,-0.4980000853538513,0.013226747512817383,-2.59334135055542,6.8468523025512695,34.99443435668945,-0.3382835388183594
1681226038676169,-0.49976280331611633,0.015223264694213867,-2.6153018474578857,6.883308410644531,35.166282653808594,-0.29026222229003906
1681226038686317,-0.49619701504707336,0.019032716751098633,-2.6197152137756348,6.890594482421875,35.29698944091797,-0.25756359100341797
1681226038696275,-0.49351030588150024,0.019057035446166992,-2.623603582382202,6.904921054840088,35.36057662963867,-0.26260948181152344
1681226038706303,-0.4933569133281708,0.016589641571044922,-2.6151204109191895,6.896693229675293,35.301231384277344,-0.3016805648803711
1681226038716286,-0.5118018984794617,0.014787435531616211,-2.6109135150909424,6.885376930236816,35.134788513183594,-0.3554220199584961
1681226038726066,-0.5136494636535645,0.011705160140991211,-2.5666213035583496,6.801133632659912,34.77907943725586,-0.43926143646240234
1681226038736292,-0.5018725991249084,0.0018210411071777344,-2.5704147815704346,6.843191623687744,34.76191711425781,-0.49994373321533203
1681226038746329,-0.48134738206863403,0.009370565414428711,-2.6002306938171387,6.884601593017578,35.06856918334961,-0.31882190704345703
1681226038756325,-0.476945698261261,0.03872966766357422,-2.674663543701172,6.9725871086120605,35.72669982910156,0.08971118927001953
1681226038766325,-0.45620962977409363,0.07080388069152832,-2.6921987533569336,6.951233863830566,36.20685577392578,0.4542112350463867
1681226038776105,-0.4632362723350525,0.06803393363952637,-2.686014175415039,6.951620578765869,36.1684684753418,0.3855915069580078
1681226038786328,-0.49136102199554443,0.03817462921142578,-2.6376218795776367,6.904570579528809,35.61724853515625,-0.07850265502929688
1681226038796292,-0.5344483256340027,-0.013480424880981445,-2.5846192836761475,6.891738414764404,34.87971496582031,-0.808384895324707
1681226038806166,-0.5611541271209717,-0.06995391845703125,-2.520332098007202,6.863210678100586,34.145172119140625,-1.5705204010009766
1681226038816121,-0.5699565410614014,-0.11423134803771973,-2.553586959838867,7.016674041748047,34.25311279296875,-2.050065040588379
1681226038826161,-0.5616837739944458,-0.10316228866577148,-2.669926643371582,7.234457015991211,35.37751770019531,-1.8514947891235352
1681226038836284,-0.5572396516799927,-0.04370689392089844,-2.8031654357910156,7.390557289123535,36.866241455078125,-1.1347837448120117
1681226038846174,-0.560781717300415,0.012526988983154297,-2.8706438541412354,7.436245918273926,37.874637603759766,-0.5696907043457031
1681226038856332,-0.5621925592422485,0.02506279945373535,-2.8160953521728516,7.323665618896484,37.714542388916016,-0.5611572265625
1681226038866323,-0.576718807220459,0.002797365188598633,-2.7036893367767334,7.126479148864746,36.53386306762695,-0.8814315795898438
1681226038876176,-0.5899990200996399,-0.03252434730529785,-2.590851306915283,6.949682235717773,35.16217803955078,-1.2965774536132812
1681226038886294,-0.5847724080085754,-0.06403970718383789,-2.5453736782073975,6.901911735534668,34.430145263671875,-1.5719785690307617
1681226038896176,-0.560498058795929,-0.06992602348327637,-2.590066909790039,7.008604049682617,34.76025390625,-1.4948749542236328
1681226038906334,-0.548396646976471,-0.04738569259643555,-2.709235906600952,7.22291898727417,35.89108657836914,-1.1363677978515625
1681226038916289,-0.5470701456069946,-0.016256093978881836,-2.7900044918060303,7.3519134521484375,36.94858169555664,-0.8334970474243164
1681226038926109,-0.5438364148139954,-0.00733494758605957,-2.7821481227874756,7.336673259735107,37.213287353515625,-0.8200798034667969
1681226038936267,-0.5542960166931152,-0.02236175537109375,-2.714027166366577,7.223956108093262,36.58153533935547,-1.0692319869995117
1681226038946308,-0.5752999186515808,-0.04897618293762207,-2.637066125869751,7.0899858474731445,35.60118865966797,-1.41351318359375
1681226038956287,-0.5794712901115417,-0.06758284568786621,-2.586238384246826,6.99788236618042,34.91706848144531,-1.6002187728881836
1681226038966350,-0.5614069104194641,-0.06928467750549316,-2.59138560295105,7.001707077026367,34.88206100463867,-1.513045310974121
1681226038976201,-0.555020272731781,-0.050205230712890625,-2.676658868789673,7.126426696777344,35.567893981933594,-1.193068504333496
1681226038986316,-0.5608679056167603,-0.024471521377563477,-2.743055820465088,7.227695465087891,36.37015151977539,-0.9419937133789062
1681226038996229,-0.5607606172561646,-0.011220932006835938,-2.7367923259735107,7.202679634094238,36.585838317871094,-0.8721837997436523
1681226039006331,-0.5539826154708862,-0.015772342681884766,-2.6988279819488525,7.136689186096191,36.313018798828125,-0.9441909790039062
1681226039016270,-0.5676391124725342,-0.02412247657775879,-2.689199209213257,7.122580528259277,36.01168441772461,-1.038930892944336
1681226039026123,-0.5789002180099487,-0.02904200553894043,-2.682633399963379,7.118155479431152,35.892024993896484,-1.1265621185302734
1681226039036264,-0.5693939328193665,-0.0310971736907959,-2.6841933727264404,7.130470275878906,35.96733856201172,-1.1304540634155273
1681226039046327,-0.5608217716217041,-0.027878999710083008,-2.7009997367858887,7.166189193725586,36.12454605102539,-1.062546730041504
1681226039056359,-0.569625973701477,-0.023862123489379883,-2.7125580310821533,7.175762176513672,36.21426773071289,-1.022770881652832
1681226039066334,-0.5645092725753784,-0.030180692672729492,-2.674856185913086,7.124905109405518,36.00880813598633,-1.1392555236816406
1681226039076142,-0.553500235080719,-0.04393410682678223,-2.6342051029205322,7.068465232849121,35.61090850830078,-1.260096549987793
1681226039086289,-0.5558179616928101,-0.05166292190551758,-2.631286859512329,7.0638322830200195,35.39073944091797,-1.3002042770385742
1681226039096175,-0.5583755373954773,-0.04640674591064453,-2.65899395942688,7.114307403564453,35.5939826965332,-1.2297782897949219
1681226039106309,-0.5515305995941162,-0.03628826141357422,-2.6961660385131836,7.1873297691345215,36.0423583984375,-1.109161376953125
1681226039116296,-0.555776059627533,-0.025876998901367188,-2.730959415435791,7.236118316650391,36.41111755371094,-1.001265525817871
1681226039126100,-0.568897545337677,-0.02075672149658203,-2.7319135665893555,7.231453895568848,36.462364196777344,-1.023787498474121
1681226039136269,-0.5662795305252075,-0.025889873504638672,-2.6774630546569824,7.135739326477051,36.05457305908203,-1.1346559524536133
1681226039146249,-0.5551685094833374,-0.040537118911743164,-2.634880781173706,7.059709072113037,35.574073791503906,-1.2386713027954102
1681226039156264,-0.5575868487358093,-0.045323848724365234,-2.641798734664917,7.069400787353516,35.44287109375,-1.229966163635254
1681226039166309,-0.5622252821922302,-0.03870439529418945,-2.667107105255127,7.110617160797119,35.65886688232422,-1.1481847763061523
1681226039176080,-0.5584785342216492,-0.0296633243560791,-2.693047285079956,7.149143695831299,36.00009536743164,-1.0377635955810547
1681226039186299,-0.559396505355835,-0.02458977699279785,-2.711110830307007,7.174196243286133,36.23333740234375,-0.9887552261352539
1681226039196298,-0.5693845152854919,-0.022670269012451172,-2.714712142944336,7.181970596313477,36.27570724487305,-1.016866683959961
1681226039206166,-0.570543110370636,-0.025568723678588867,-2.6859941482543945,7.127092361450195,36.05539321899414,-1.092432975769043
1681226039216339,-0.5582106113433838,-0.03167295455932617,-2.663325786590576,7.089295864105225,35.83399200439453,-1.1224641799926758
1681226039226128,-0.5527855753898621,-0.03256559371948242,-2.6753146648406982,7.114778518676758,35.86125946044922,-1.0746479034423828
1681226039236322,-0.554519534111023,-0.03096151351928711,-2.699195623397827,7.1666717529296875,36.0936164855957,-1.0512638092041016
1681226039246115,-0.5584624409675598,-0.02868342399597168,-2.705852746963501,7.1816887855529785,36.2109489440918,-1.0506324768066406
1681226039256399,-0.5593587160110474,-0.032943010330200195,-2.678999662399292,7.1386237144470215,36.00794219970703,-1.1333503723144531
1681226039266232,-0.565380871295929,-0.04007434844970703,-2.6569550037384033,7.101600646972656,35.70610427856445,-1.2278337478637695
1681226039276046,-0.5635480880737305,-0.04638409614562988,-2.6432602405548096,7.0820722579956055,35.53101348876953,-1.2936468124389648
1681226039286280,-0.6099029183387756,-0.03867840766906738,-2.7052488327026367,7.174084186553955,35.712703704833984,-1.230504035949707
1681226039296257,-0.6493274569511414,-0.028692007064819336,-2.6996819972991943,7.145326614379883,35.76955032348633,-1.30303955078125
1681226039306137,-0.7528835535049438,-0.034000396728515625,-2.7292490005493164,7.188945770263672,35.540977478027344,-1.590947151184082
1681226039316099,-0.7993648052215576,-0.05371260643005371,-2.650550365447998,7.080112934112549,35.00627136230469,-2.0987319946289062
1681226039326071,-0.8447449803352356,-0.06693792343139648,-2.6785190105438232,7.1251325607299805,34.86298370361328,-2.259305953979492
1681226039336298,-0.8643789887428284,-0.06583237648010254,-2.6304094791412354,7.009023666381836,34.52534484863281,-2.352787971496582
1681226039346352,-0.9563685655593872,-0.010036706924438477,-2.8971855640411377,7.376668453216553,36.11625671386719,-1.6095237731933594
1681226039356068,-1.0020782947540283,0.10495495796203613,-3.1393511295318604,7.6760454177856445,38.96803283691406,-0.5187997817993164
1681226039366272,-1.094969391822815,0.22841238975524902,-3.396121025085449,7.956698894500732,41.52922821044922,0.6377334594726562
1681226039376070,-1.1902285814285278,0.3190631866455078,-3.489258289337158,8.00082778930664,42.90106201171875,1.1893444061279297
1681226039386179,-1.275698184967041,0.3579697608947754,-3.5443856716156006,8.046934127807617,43.50758743286133,1.2851791381835938
1681226039396167,-1.2862545251846313,0.3294379711151123,-3.3314812183380127,7.7056097984313965,42.097084045410156,0.6000728607177734
1681226039406316,-1.258500576019287,0.2440345287322998,-3.1228573322296143,7.425785541534424,39.881126403808594,-0.2924175262451172
1681226039416184,-1.2160335779190063,0.15045166015625,-3.001906156539917,7.3455657958984375,38.34012222290039,-1.1579351425170898
1681226039425989,-1.1452126502990723,0.06438875198364258,-2.909351110458374,7.343451023101807,37.454402923583984,-1.9488182067871094
1681226039436293,-1.020094633102417,-0.0005087852478027344,-2.822434425354004,7.327393531799316,36.935543060302734,-2.3877172470092773
1681226039446274,-0.8780078887939453,-0.05487203598022461,-2.730602502822876,7.271054744720459,36.367645263671875,-2.6190690994262695
1681226039456275,-0.7610786557197571,-0.08225798606872559,-2.665672540664673,7.189826011657715,35.757225036621094,-2.522451400756836
1681226039466266,-0.6427062749862671,-0.09400653839111328,-2.5726466178894043,7.031896591186523,35.074920654296875,-2.3023977279663086
1681226039476111,-0.5556451082229614,-0.08956241607666016,-2.510317087173462,6.873246192932129,34.367897033691406,-1.8711376190185547
1681226039486264,-0.5228430032730103,-0.07478475570678711,-2.5029144287109375,6.793875694274902,34.015525817871094,-1.4392070770263672
1681226039496297,-0.5409397482872009,-0.05278635025024414,-2.5319674015045166,6.784196853637695,34.00139617919922,-1.1268892288208008
1681226039506327,-0.5606529712677002,-0.046001434326171875,-2.4998018741607666,6.706973075866699,33.77809524536133,-1.1494760513305664
1681226039516272,-0.6186425089836121,-0.033263444900512695,-2.541660785675049,6.728296756744385,33.742279052734375,-1.047774314880371
1681226039526078,-0.7204084992408752,0.01037907600402832,-2.671133518218994,6.877943992614746,34.50492858886719,-0.7334671020507812
1681226039536320,-0.8357407450675964,0.0822296142578125,-2.8479814529418945,7.0978240966796875,36.02329635620117,-0.22076416015625
1681226039546371,-0.9379950761795044,0.16919922828674316,-3.0402159690856934,7.332766532897949,37.952388763427734,0.4472970962524414
1681226039556254,-1.0613179206848145,0.2687258720397949,-3.2790138721466064,7.625864505767822,40.163631439208984,1.2439937591552734
1681226039566281,-1.199511170387268,0.3560621738433838,-3.443425416946411,7.8076677322387695,41.91361618041992,1.7291784286499023
1681226039576082,-1.2781744003295898,0.40472865104675293,-3.4570841789245605,7.762326240539551,42.54652404785156,1.8391075134277344
1681226039586265,-1.3137829303741455,0.4151127338409424,-3.4281387329101562,7.684380531311035,42.40583038330078,1.7627983093261719
1681226039596320,-1.3384435176849365,0.4122927188873291,-3.424391031265259,7.680251121520996,42.25594711303711,1.6625947952270508
1681226039606249,-1.3475505113601685,0.40937352180480957,-3.4603846073150635,7.782268524169922,42.59523010253906,1.6003313064575195
1681226039616292,-1.327754259109497,0.4094066619873047,-3.503023862838745,7.903149604797363,43.225738525390625,1.6143989562988281
1681226039626020,-1.3322203159332275,0.4077932834625244,-3.5881805419921875,8.107421875,44.028499603271484,1.6040220260620117
1681226039636242,-1.367610216140747,0.4085383415222168,-3.646594762802124,8.249988555908203,44.613929748535156,1.4683542251586914
1681226039646076,-1.4014469385147095,0.39896488189697266,-3.6456682682037354,8.281064987182617,44.717166900634766,1.1671457290649414
1681226039656267,-1.4215384721755981,0.3841366767883301,-3.616041660308838,8.238434791564941,44.43247604370117,0.8964948654174805
1681226039666246,-1.4549353122711182,0.38279175758361816,-3.6387243270874023,8.267097473144531,44.36408615112305,0.8428764343261719
1681226039676056,-1.4967120885849,0.4049079418182373,-3.6978955268859863,8.331153869628906,44.76113510131836,1.0040979385375977
1681226039686294,-1.532902479171753,0.4423086643218994,-3.7797133922576904,8.420888900756836,45.53506851196289,1.3361215591430664
1681226039696197,-1.5817723274230957,0.48836612701416016,-3.885462999343872,8.544994354248047,46.509796142578125,1.7363862991333008
1681226039706238,-1.6546852588653564,0.5394480228424072,-4.000181198120117,8.678377151489258,47.54263687133789,2.1067914962768555
1681226039716269,-1.7268799543380737,0.5830395221710205,-4.085102081298828,8.772723197937012,48.44814682006836,2.34283447265625
1681226039726077,-1.7848927974700928,0.6154036521911621,-4.1447062492370605,8.835814476013184,49.13652801513672,2.4874086380004883
1681226039736264,-1.8353806734085083,0.6383302211761475,-4.2059760093688965,8.920967102050781,49.75117492675781,2.5709056854248047
1681226039746287,-1.8743367195129395,0.6547434329986572,-4.2548370361328125,9.000045776367188,50.29596710205078,2.5907583236694336
1681226039756261,-1.8921918869018555,0.6558244228363037,-4.266255855560303,9.04206657409668,50.592166900634766,2.4741506576538086
1681226039766260,-1.8975473642349243,0.6424040794372559,-4.244890213012695,9.030519485473633,50.48626708984375,2.2448644638061523
1681226039775948,-1.894706130027771,0.616807222366333,-4.19975471496582,8.997354507446289,50.06576919555664,1.9152288436889648
1681226039786295,-1.883615493774414,0.5856881141662598,-4.1588006019592285,8.97852897644043,49.61564254760742,1.5794401168823242
1681226039796170,-1.8689825534820557,0.5580825805664062,-4.131223678588867,8.971149444580078,49.299461364746094,1.324275016784668
1681226039806144,-1.8544772863388062,0.5430960655212402,-4.137602806091309,9.014617919921875,49.298248291015625,1.2220277786254883
1681226039816251,-1.852538824081421,0.5438234806060791,-4.184481620788574,9.119768142700195,49.67771911621094,1.265009880065918
1681226039826030,-1.8662028312683105,0.5552816390991211,-4.240837097167969,9.216535568237305,50.214622497558594,1.358342170715332
1681226039836237,-1.891852617263794,0.5733468532562256,-4.28314208984375,9.263142585754395,50.65283966064453,1.4783811569213867
1681226039846300,-1.9233402013778687,0.595266580581665,-4.3160905838012695,9.289137840270996,50.9420051574707,1.6176481246948242
1681226039856078,-1.9658713340759277,0.6204416751861572,-4.359292984008789,9.307538986206055,51.23860549926758,1.809535026550293
1681226039866241,-2.008763551712036,0.652876615524292,-4.418150901794434,9.354865074157715,51.732521057128906,2.0606250762939453
1681226039876125,-2.052417278289795,0.6912901401519775,-4.507613182067871,9.459117889404297,52.539581298828125,2.3888368606567383
1681226039886229,-2.0952086448669434,0.731257438659668,-4.610125541687012,9.610694885253906,53.571998596191406,2.694392204284668
1681226039896233,-2.1363673210144043,0.767303466796875,-4.7182512283325195,9.791566848754883,54.718406677246094,2.9344558715820312
1681226039906253,-2.1747517585754395,0.7967686653137207,-4.803725242614746,9.94723892211914,55.695247650146484,3.0676040649414062
1681226039916166,-2.2057487964630127,0.8158984184265137,-4.871133804321289,10.084095001220703,56.50130844116211,3.116945266723633
1681226039926097,-2.233489513397217,0.831357479095459,-4.946621417999268,10.25234317779541,57.31024169921875,3.148069381713867
1681226039936164,-2.2687249183654785,0.8482058048248291,-5.038427352905273,10.440242767333984,58.22610855102539,3.185227394104004
1681226039946174,-2.307236433029175,0.8676598072052002,-5.140721797943115,10.642232894897461,59.269142150878906,3.2318267822265625
1681226039956103,-2.344682455062866,0.8882124423980713,-5.245140552520752,10.84960651397705,60.40143585205078,3.2764625549316406
1681226039966127,-2.3851447105407715,0.910736083984375,-5.363455295562744,11.081548690795898,61.617244720458984,3.33713436126709
1681226039975926,-2.425938129425049,0.941286563873291,-5.506832122802734,11.353757858276367,63.084259033203125,3.4819393157958984
1681226039986138,-2.462134838104248,0.9823365211486816,-5.688189506530762,11.711921691894531,64.9716796875,3.7331199645996094
1681226039996167,-2.5039384365081787,1.0387368202209473,-5.934330940246582,12.189178466796875,67.46746063232422,4.131200790405273
1681226040006151,-2.5575053691864014,1.1098747253417969,-6.229994773864746,12.768102645874023,70.50337219238281,4.602770805358887
1681226040016179,-2.6151108741760254,1.1887950897216797,-6.530216217041016,13.360543251037598,73.76014709472656,5.078073501586914
1681226040026002,-2.6690309047698975,1.264197826385498,-6.797279357910156,13.89192008972168,76.79930877685547,5.493406295776367
1681226040036165,-2.727959156036377,1.335057258605957,-7.045976161956787,14.37137222290039,79.5298080444336,5.88288688659668
1681226040046182,-2.782072067260742,1.400017261505127,-7.256139755249023,14.779289245605469,81.92366790771484,6.226448059082031
1681226040056397,-2.8365113735198975,1.4609994888305664,-7.466259956359863,15.177253723144531,84.16716003417969,6.583118438720703
1681226040066176,-2.907395124435425,1.5267906188964844,-7.7049479484558105,15.614400863647461,86.53788757324219,6.986019134521484
1681226040075950,-2.9916372299194336,1.5998163223266602,-7.961870193481445,16.08772087097168,89.11312866210938,7.3899688720703125
1681226040086184,-3.0732288360595703,1.6726493835449219,-8.202736854553223,16.540878295898438,91.65693664550781,7.760112762451172
1681226040096184,-3.154743194580078,1.7444581985473633,-8.438165664672852,16.983200073242188,94.1122055053711,8.130424499511719
1681226040106213,-3.229487419128418,1.8186469078063965,-8.659017562866211,17.408702850341797,96.48316192626953,8.522546768188477
1681226040116144,-3.2866969108581543,1.886967658996582,-8.847053527832031,17.77731704711914,98.59187316894531,8.892875671386719
1681226040126040,-3.3382182121276855,1.9523658752441406,-9.028305053710938,18.132892608642578,100.51986694335938,9.302452087402344
1681226040136243,-3.3895487785339355,2.018996238708496,-9.200525283813477,18.47138023376465,102.34642028808594,9.732221603393555
1681226040146177,-3.444087266921997,2.0870752334594727,-9.374581336975098,18.81372833251953,104.1217041015625,10.181270599365234
1681226040156183,-3.493283271789551,2.155083179473877,-9.535560607910156,19.128849029541016,105.81472778320312,10.632404327392578
1681226040166135,-3.538954973220825,2.230818748474121,-9.705615043640137,19.465465545654297,107.55596923828125,11.20028305053711
1681226040175996,-3.57064151763916,2.31795597076416,-9.872312545776367,19.811004638671875,109.34780883789062,11.897878646850586
1681226040186265,-3.5826029777526855,2.4158411026000977,-10.038500785827637,20.175674438476562,111.1785888671875,12.752752304077148
1681226040196078,-3.5823380947113037,2.5217056274414062,-10.206575393676758,20.56511116027832,113.01554870605469,13.71976089477539
1681226040206156,-3.5800843238830566,2.6310744285583496,-10.388717651367188,20.999778747558594,114.92413330078125,14.743570327758789
1681226040216274,-3.5777511596679688,2.7405056953430176,-10.57662582397461,21.47285270690918,116.90664672851562,15.740848541259766
1681226040226042,-3.5691444873809814,2.8488521575927734,-10.787664413452148,22.019031524658203,119.1397476196289,16.72496223449707
1681226040236174,-3.5873732566833496,2.9757938385009766,-11.218574523925781,23.051286697387695,123.11358642578125,17.88365364074707
1681226040246090,-3.6170969009399414,3.1527013778686523,-11.772161483764648,24.40665054321289,128.767333984375,19.303787231445312
1681226040256223,-3.680295705795288,3.360372543334961,-12.40183162689209,25.944866180419922,135.22732543945312,20.846298217773438
1681226040266212,-3.7854220867156982,3.60770320892334,-13.044588088989258,27.488168716430664,141.79000854492188,22.622379302978516
1681226040276007,-3.908979892730713,3.8885507583618164,-13.678677558898926,29.035377502441406,148.33949279785156,24.660114288330078
1681226040286168,-4.024209022521973,4.171175003051758,-14.185406684875488,30.340713500976562,153.8511505126953,26.708240509033203
1681226040296108,-4.1216630935668945,4.412102699279785,-14.639860153198242,31.55980682373047,158.63194274902344,28.51272964477539
1681226040306100,-4.194457054138184,4.621354103088379,-15.08160400390625,32.77082061767578,163.21450805664062,30.135984420776367
1681226040315990,-4.223267555236816,4.7982330322265625,-15.505701065063477,33.978878021240234,167.84616088867188,31.537290573120117
1681226040326006,-4.258236408233643,4.9521636962890625,-15.927301406860352,35.145301818847656,172.2005157470703,32.7618408203125
1681226040336111,-4.28648042678833,5.092489242553711,-16.263320922851562,36.08729934692383,175.90821838378906,33.8507080078125
1681226040346133,-4.312015533447266,5.221362113952637,-16.556367874145508,36.901161193847656,179.05987548828125,34.94355773925781
1681226040356161,-4.316614151000977,5.347817420959473,-16.835498809814453,37.70809555053711,182.13299560546875,36.11661148071289
1681226040366067,-4.303048133850098,5.477479934692383,-17.167280197143555,38.678401947021484,185.6654052734375,37.42182922363281
1681226040376030,-4.261755466461182,5.592296600341797,-17.50743865966797,39.699195861816406,189.47279357910156,38.6209831237793
1681226040386285,-4.221735954284668,5.684427261352539,-17.86504364013672,40.75525665283203,193.33262634277344,39.618316650390625
1681226040396128,-4.178947448730469,5.762645721435547,-18.185176849365234,41.69477081298828,196.91110229492188,40.431488037109375
1681226040406176,-4.115179061889648,5.830315589904785,-18.421247482299805,42.40532684326172,199.8065948486328,41.17053985595703
1681226040416226,-4.046214580535889,5.878715515136719,-18.627500534057617,43.01024627685547,202.23049926757812,41.81291198730469
1681226040425931,-3.9734625816345215,5.91935920715332,-18.827533721923828,43.57328414916992,204.57022094726562,42.42425537109375
1681226040436223,-3.852374315261841,5.951288223266602,-18.968544006347656,44.01728057861328,206.70083618164062,43.0460205078125
1681226040446095,-3.7371010780334473,5.949918746948242,-19.103086471557617,44.40979766845703,208.40463256835938,43.41372299194336
1681226040456299,-3.6473355293273926,5.927183151245117,-19.254596710205078,44.80866241455078,210.16937255859375,43.49495315551758
1681226040466243,-3.571751117706299,5.88552188873291,-19.33249282836914,45.005069732666016,211.36221313476562,43.265289306640625
1681226040476047,-3.5010085105895996,5.819765090942383,-19.351211547851562,45.05453109741211,211.93606567382812,42.77125549316406
1681226040486182,-3.4902944564819336,5.75128173828125,-19.408466339111328,45.14408874511719,212.36212158203125,42.126136779785156
1681226040496278,-3.5087482929229736,5.71104621887207,-19.47707176208496,45.253177642822266,213.05967712402344,41.60236358642578
1681226040506165,-3.5537221431732178,5.696794509887695,-19.58856773376465,45.46827697753906,214.0771942138672,41.26352310180664
1681226040516209,-3.6294450759887695,5.708845138549805,-19.763751983642578,45.825199127197266,215.6160125732422,41.09642028808594
1681226040525970,-3.7436020374298096,5.761551856994629,-20.018320083618164,46.37397766113281,217.85455322265625,41.20844650268555
1681226040536159,-3.848832130432129,5.836200714111328,-20.259151458740234,46.93986511230469,220.34588623046875,41.474979400634766
1681226040546139,-3.9266998767852783,5.90955924987793,-20.46059226989746,47.449462890625,222.54843139648438,41.80937194824219
1681226040556301,-3.973832607269287,5.963247299194336,-20.58235740661621,47.79003143310547,224.01248168945312,42.067710876464844
1681226040566169,-3.9911129474639893,5.99068546295166,-20.659914016723633,48.036102294921875,224.97137451171875,42.20124053955078
1681226040576005,-3.965686798095703,5.980311393737793,-20.66909408569336,48.12753677368164,225.4007568359375,42.082210540771484
1681226040586317,-3.9151554107666016,5.937007904052734,-20.62683868408203,48.0733528137207,225.23838806152344,41.76068878173828
1681226040596040,-3.86785888671875,5.88606071472168,-20.583114624023438,47.9910888671875,224.86520385742188,41.40003204345703
1681226040606305,-3.8264174461364746,5.840602874755859,-20.52859115600586,47.87315368652344,224.39791870117188,41.04713439941406
1681226040616108,-3.7926406860351562,5.806266784667969,-20.476055145263672,47.76343536376953,223.9280548095703,40.782386779785156
1681226040626011,-3.7816622257232666,5.802267074584961,-20.463464736938477,47.756927490234375,223.67098999023438,40.762916564941406
1681226040636152,-3.7970476150512695,5.842140197753906,-20.52019500732422,47.943756103515625,224.00643920898438,41.07865524291992
1681226040646129,-3.8216683864593506,5.917322158813477,-20.618492126464844,48.26842498779297,224.8718719482422,41.66652297973633
1681226040656230,-3.8681159019470215,6.0045576095581055,-20.780040740966797,48.73041534423828,226.226806640625,42.363006591796875
1681226040666101,-3.9384260177612305,6.08958625793457,-21.016130447387695,49.36893844604492,228.30404663085938,42.97271728515625
1681226040676013,-4.02268123626709,6.146028518676758,-21.23172378540039,49.9162483215332,230.37222290039062,43.233680725097656
1681226040686122,-4.117388725280762,6.173604965209961,-21.425033569335938,50.356292724609375,232.2057647705078,43.19377899169922
1681226040696103,-4.229399681091309,6.194545745849609,-21.619426727294922,50.777671813964844,233.9783477783203,43.034515380859375
1681226040706302,-4.32320499420166,6.2171630859375,-21.790931701660156,51.18498611450195,235.78497314453125,42.854408264160156
1681226040716109,-4.3920817375183105,6.25373649597168,-21.926349639892578,51.53675079345703,237.27542114257812,42.860103607177734
1681226040726022,-4.437694549560547,6.304931640625,-22.055530548095703,51.9210205078125,238.6765594482422,43.104637145996094
1681226040736016,-4.470210552215576,6.3583526611328125,-22.194843292236328,52.353599548339844,240.11488342285156,43.43097686767578
1681226040746164,-4.489205837249756,6.399055480957031,-22.321956634521484,52.75193786621094,241.47865295410156,43.683650970458984
1681226040756088,-4.513492584228516,6.430141448974609,-22.443954467773438,53.11345672607422,242.6900634765625,43.87491989135742
1681226040766129,-4.540456771850586,6.455167770385742,-22.5388126373291,53.38999938964844,243.66700744628906,44.00333023071289
1681226040776055,-4.571268081665039,6.478612899780273,-22.637653350830078,53.66014862060547,244.6136474609375,44.10759735107422
1681226040786181,-4.601047039031982,6.505828857421875,-22.733078002929688,53.938385009765625,245.584716796875,44.23712921142578
1681226040796119,-4.620828628540039,6.531318664550781,-22.821739196777344,54.22151565551758,246.5644989013672,44.366416931152344
1681226040806034,-4.6276092529296875,6.554449081420898,-22.893352508544922,54.47111511230469,247.3857421875,44.50341033935547
1681226040815989,-4.631292343139648,6.567127227783203,-22.939922332763672,54.652732849121094,247.93600463867188,44.578407287597656
1681226040825932,-4.643655776977539,6.577947616577148,-22.999536514282227,54.85442352294922,248.49685668945312,44.63472366333008
1681226040836051,-4.664881229400635,6.591411590576172,-23.082290649414062,55.094242095947266,249.25582885742188,44.696231842041016
1681226040846051,-4.67827844619751,6.608953475952148,-23.156654357910156,55.32231140136719,250.07955932617188,44.777095794677734
1681226040856162,-4.689674377441406,6.628990173339844,-23.194793701171875,55.45619201660156,250.54153442382812,44.89327621459961
1681226040866157,-4.693324089050293,6.650880813598633,-23.221237182617188,55.56739044189453,250.86685180664062,45.04646301269531
1681226040876089,-4.670981407165527,6.65850830078125,-23.180747985839844,55.52170181274414,250.71157836914062,45.127403259277344
1681226040886125,-4.617170333862305,6.642551422119141,-23.090057373046875,55.35670471191406,250.08702087402344,45.10113525390625
1681226040896125,-4.567641735076904,6.6123046875,-22.988929748535156,55.1334228515625,249.1078643798828,45.00825500488281
1681226040906120,-4.52373743057251,6.574466705322266,-22.910676956176758,54.96361541748047,248.3362274169922,44.82752227783203
1681226040916120,-4.486385345458984,6.531108856201172,-22.853076934814453,54.82821273803711,247.76864624023438,44.57666015625
1681226040925997,-4.455873489379883,6.494935989379883,-22.81360626220703,54.74150848388672,247.39263916015625,44.34125518798828
1681226040936094,-4.433656692504883,6.469703674316406,-22.77609634399414,54.66328430175781,247.026123046875,44.16592788696289
1681226040946132,-4.405044078826904,6.446554183959961,-22.723894119262695,54.557647705078125,246.61395263671875,44.005455017089844
1681226040956127,-4.367912769317627,6.422582626342773,-22.659542083740234,54.42030334472656,246.08900451660156,43.871307373046875
1681226040966129,-4.329556465148926,6.398965835571289,-22.576740264892578,54.23771667480469,245.34939575195312,43.751678466796875
1681226040975933,-4.2996416091918945,6.37666130065918,-22.50912094116211,54.080875396728516,244.63119506835938,43.651920318603516
1681226040986137,-4.291929244995117,6.363605499267578,-22.47247314453125,53.99054718017578,244.14309692382812,43.590538024902344
1681226040996144,-4.305169105529785,6.36695671081543,-22.493751525878906,54.05314636230469,244.1808319091797,43.601707458496094
1681226041006111,-4.3387980461120605,6.39030647277832,-22.558456420898438,54.23401641845703,244.65625,43.71177291870117
1681226041016135,-4.382950782775879,6.428194046020508,-22.65408706665039,54.50733947753906,245.4956817626953,43.89020538330078
1681226041025962,-4.427083492279053,6.476001739501953,-22.7447509765625,54.779659271240234,246.37738037109375,44.13930892944336
1681226041036092,-4.4638671875,6.531822204589844,-22.813852310180664,55.01469039916992,247.0697021484375,44.47059631347656
1681226041045992,-4.4927544593811035,6.592826843261719,-22.857501983642578,55.188812255859375,247.48690795898438,44.88280487060547
1681226041056167,-4.522948265075684,6.660806655883789,-22.90989875793457,55.38193893432617,247.8672637939453,45.389976501464844
1681226041066150,-4.545691013336182,6.731996536254883,-22.960609436035156,55.58451461791992,248.30514526367188,45.94464111328125
1681226041075942,-4.566504001617432,6.7960205078125,-23.012435913085938,55.78437805175781,248.7440185546875,46.459808349609375
1681226041086004,-4.568617820739746,6.836463928222656,-23.025054931640625,55.87516403198242,248.9637451171875,46.79994583129883
1681226041096174,-4.555220127105713,6.8448944091796875,-23.000394821166992,55.84632110595703,248.8128204345703,46.93354034423828
1681226041106153,-4.517428874969482,6.819986343383789,-22.917818069458008,55.65361785888672,248.21725463867188,46.836212158203125
1681226041116131,-4.4691033363342285,6.769504547119141,-22.811752319335938,55.374881744384766,247.2876739501953,46.57994842529297
1681226041125966,-4.421609878540039,6.712310791015625,-22.720836639404297,55.12712478637695,246.43215942382812,46.27012634277344
1681226041136124,-4.383306503295898,6.656139373779297,-22.65850257873535,54.95000457763672,245.81646728515625,45.93645095825195
1681226041146119,-4.35460901260376,6.606782913208008,-22.613574981689453,54.817657470703125,245.39752197265625,45.61736297607422
1681226041156112,-4.330528259277344,6.56312370300293,-22.581329345703125,54.72504425048828,245.12066650390625,45.30551528930664
1681226041166152,-4.300705909729004,6.522401809692383,-22.525861740112305,54.58599853515625,244.72119140625,45.0083122253418
1681226041175960,-4.254405975341797,6.477472305297852,-22.441593170166016,54.381317138671875,244.0888671875,44.71369934082031
1681226041186085,-4.197765350341797,6.430330276489258,-22.340126037597656,54.124855041503906,243.23748779296875,44.45426559448242
1681226041196023,-4.1328630447387695,6.380712509155273,-22.21771812438965,53.822532653808594,242.17922973632812,44.18925476074219
1681226041206085,-4.068804740905762,6.328401565551758,-22.08905029296875,53.495994567871094,240.99575805664062,43.92729568481445
1681226041216225,-4.013951301574707,6.277313232421875,-21.96642303466797,53.166378021240234,239.79544067382812,43.66437530517578
1681226041225899,-3.9697442054748535,6.231287002563477,-21.857643127441406,52.86076354980469,238.685546875,43.423492431640625
1681226041236108,-3.931147575378418,6.195711135864258,-21.764305114746094,52.61094284057617,237.75576782226562,43.237220764160156
1681226041246051,-3.897904872894287,6.169300079345703,-21.694820404052734,52.428504943847656,237.0592041015625,43.12322998046875
1681226041255968,-3.8597161769866943,6.149274826049805,-21.632217407226562,52.28102111816406,236.51702880859375,43.05758285522461
1681226041266121,-3.814931631088257,6.129791259765625,-21.56229019165039,52.122310638427734,235.93063354492188,43.01016616821289
1681226041276002,-3.7627367973327637,6.105518341064453,-21.46916389465332,51.916404724121094,235.14694213867188,42.92884826660156
1681226041286078,-3.7079291343688965,6.067775726318359,-21.353410720825195,51.62993240356445,234.10511779785156,42.76412582397461
1681226041296101,-3.642967700958252,6.016792297363281,-21.202009201049805,51.244930267333984,232.76168823242188,42.501853942871094
1681226041305984,-3.5858261585235596,5.965343475341797,-21.05894660949707,50.864646911621094,231.32293701171875,42.25868606567383
1681226041315933,-3.5252270698547363,5.916313171386719,-20.925350189208984,50.52294158935547,230.05032348632812,42.008731842041016
1681226041325902,-3.467923164367676,5.875629425048828,-20.817474365234375,50.24289321899414,228.98033142089844,41.848045349121094
1681226041335990,-3.414330244064331,5.846714019775391,-20.744583129882812,50.07081604003906,228.26016235351562,41.76687240600586
1681226041346019,-3.3778300285339355,5.82978630065918,-20.717716217041016,50.01538848876953,227.92355346679688,41.759742736816406
1681226041356037,-3.3437533378601074,5.8163299560546875,-20.685701370239258,49.94999694824219,227.67453002929688,41.722042083740234
1681226041366003,-3.3252933025360107,5.806928634643555,-20.683197021484375,49.949378967285156,227.57220458984375,41.71595001220703
1681226041375931,-3.3116114139556885,5.798252105712891,-20.661975860595703,49.9022102355957,227.42941284179688,41.67082977294922
1681226041385939,-3.30159330368042,5.785007476806641,-20.634042739868164,49.82643127441406,227.15936279296875,41.59410858154297
1681226041396029,-3.283964157104492,5.771705627441406,-20.579809188842773,49.688533782958984,226.69842529296875,41.512203216552734
1681226041406097,-3.2548346519470215,5.7515869140625,-20.498859405517578,49.48760223388672,225.99488830566406,41.41578674316406
1681226041416045,-3.201105833053589,5.721309661865234,-20.365251541137695,49.15694808959961,224.8812255859375,41.29421615600586
1681226041425921,-3.130154609680176,5.677436828613281,-20.20599365234375,48.75492477416992,223.42446899414062,41.1331787109375
1681226041435985,-3.03416109085083,5.625190734863281,-19.995803833007812,48.23746109008789,221.57301330566406,40.9459342956543
1681226041446099,-2.9127893447875977,5.553753852844238,-19.73312759399414,47.582794189453125,219.21817016601562,40.68210983276367
1681226041456157,-2.7849740982055664,5.472751617431641,-19.465909957885742,46.90345764160156,216.6658477783203,40.40090560913086
1681226041465969,-2.6488170623779297,5.385520935058594,-19.164297103881836,46.14368438720703,213.8509979248047,40.06281280517578
1681226041475981,-2.497072696685791,5.28961181640625,-18.827556610107422,45.296173095703125,210.70083618164062,39.690635681152344
1681226041486101,-2.330099105834961,5.183813095092773,-18.450857162475586,44.34028625488281,207.16128540039062,39.29924392700195
1681226041496098,-2.125998020172119,5.064268112182617,-17.995895385742188,43.216285705566406,202.99609375,38.842681884765625
1681226041506129,-1.8657450675964355,4.935530662536621,-17.419025421142578,41.79872512817383,197.74066162109375,38.45662307739258
1681226041516074,-1.5484180450439453,4.823960304260254,-16.71318244934082,40.06027603149414,191.12738037109375,38.45944595336914
1681226041526017,-1.1895391941070557,4.734397888183594,-15.902871131896973,38.0876350402832,183.29229736328125,38.868553161621094
1681226041536107,-0.7983139753341675,4.616663932800293,-14.9859619140625,35.882110595703125,174.2397003173828,39.131858825683594
1681226041546083,-0.46059632301330566,4.430210113525391,-14.100374221801758,33.67816162109375,164.6105194091797,38.61779022216797
1681226041556087,-0.22094476222991943,4.240809440612793,-13.276993751525879,31.57074737548828,155.31008911132812,37.712745666503906
1681226041566064,-0.10379970073699951,4.015595436096191,-12.57664680480957,29.715076446533203,146.9157257080078,36.02485275268555
1681226041575957,-0.05151945352554321,3.748654365539551,-11.967840194702148,28.103622436523438,139.792724609375,33.524391174316406
1681226041586055,-0.06562179327011108,3.5130300521850586,-11.441376686096191,26.638599395751953,133.4723358154297,31.072566986083984
1681226041596005,-0.10770565271377563,3.345902442932129,-10.97378158569336,25.355361938476562,128.0684814453125,29.204021453857422
1681226041606079,-0.12177175283432007,3.1867475509643555,-10.546335220336914,24.2457275390625,123.39411163330078,27.487735748291016
1681226041616120,-0.15316981077194214,3.063967704772949,-10.241503715515137,23.418899536132812,119.62353515625,26.222721099853516
1681226041625931,-0.20584642887115479,2.9613428115844727,-9.962560653686523,22.651077270507812,116.29685974121094,25.056964874267578
1681226041636028,-0.28107762336730957,2.861416816711426,-9.802902221679688,22.196998596191406,114.02763366699219,23.88665008544922
1681226041646087,-0.30413103103637695,2.7409677505493164,-9.508403778076172,21.513900756835938,111.3466796875,22.436471939086914
1681226041655944,-0.3210179805755615,2.606618881225586,-9.317127227783203,21.076095581054688,109.02681732177734,21.083765029907227
1681226041666080,-0.30110424757003784,2.4707775115966797,-9.09460735321045,20.63111114501953,106.96449279785156,19.709426879882812
1681226041675933,-0.2807226777076721,2.3562746047973633,-8.939306259155273,20.31891441345215,105.217041015625,18.673439025878906
1681226041686081,-0.22995835542678833,2.2550206184387207,-8.769673347473145,20.00787925720215,103.73385620117188,17.78598976135254
1681226041695982,-0.20972412824630737,2.1997175216674805,-8.739818572998047,19.962005615234375,103.04229736328125,17.45377540588379
1681226041706113,-0.21044164896011353,2.1799192428588867,-8.683399200439453,19.824691772460938,102.43839263916016,17.295238494873047
1681226041716076,-0.1985953450202942,2.1587390899658203,-8.613877296447754,19.662763595581055,101.78343200683594,17.143814086914062
1681226041725970,-0.17909973859786987,2.1333045959472656,-8.552724838256836,19.53702735900879,101.18287658691406,16.979291915893555
1681226041736014,-0.17395931482315063,2.115446090698242,-8.507102966308594,19.42690658569336,100.59357452392578,16.87777328491211
1681226041746076,-0.1829274296760559,2.1005496978759766,-8.504180908203125,19.416051864624023,100.41746520996094,16.76258087158203
1681226041756007,-0.18486076593399048,2.08066987991333,-8.470684051513672,19.362207412719727,100.18785858154297,16.533796310424805
1681226041766077,-0.18624913692474365,2.060858726501465,-8.438848495483398,19.29799461364746,99.8403091430664,16.338668823242188
1681226041775886,-0.19427490234375,2.0466275215148926,-8.407427787780762,19.215652465820312,99.453125,16.20560073852539
1681226041786001,-0.21103638410568237,2.040041446685791,-8.398448944091797,19.18207550048828,99.22892761230469,16.124908447265625
1681226041795984,-0.22320866584777832,2.0470056533813477,-8.417680740356445,19.221668243408203,99.3842544555664,16.190196990966797
1681226041805963,-0.23332661390304565,2.062689781188965,-8.442773818969727,19.267974853515625,99.63673400878906,16.342086791992188
1681226041815962,-0.2535405158996582,2.080216407775879,-8.479181289672852,19.335798263549805,99.94744873046875,16.484233856201172
1681226041825869,-0.2743362784385681,2.0962963104248047,-8.49085807800293,19.339649200439453,100.07730102539062,16.57899284362793
1681226041836070,-0.28776878118515015,2.0985660552978516,-8.467035293579102,19.260465621948242,99.90065002441406,16.5570125579834
1681226041846071,-0.3025978207588196,2.098078727722168,-8.438728332519531,19.16119384765625,99.53694152832031,16.530067443847656
1681226041856001,-0.32628190517425537,2.103830337524414,-8.44249153137207,19.133163452148438,99.40328216552734,16.56269645690918
1681226041866077,-0.3389272093772888,2.117640495300293,-8.454527854919434,19.13605499267578,99.52838134765625,16.684532165527344
1681226041875955,-0.3447907567024231,2.1345882415771484,-8.484444618225098,19.195472717285156,99.85542297363281,16.861896514892578
1681226041886023,-0.3610582947731018,2.1563549041748047,-8.533044815063477,19.296785354614258,100.28367614746094,17.05324935913086
1681226041895849,-0.37430983781814575,2.169271469116211,-8.551519393920898,19.34302520751953,100.56289672851562,17.119314193725586
1681226041906074,-0.3764045238494873,2.168893337249756,-8.548959732055664,19.348962783813477,100.64396667480469,17.088470458984375
1681226041916026,-0.38080698251724243,2.1609745025634766,-8.53445053100586,19.31893539428711,100.50338745117188,16.989328384399414
1681226041925977,-0.39042913913726807,2.151005268096924,-8.53022575378418,19.31451988220215,100.40223693847656,16.86627960205078
1681226041935963,-0.3893321752548218,2.14005708694458,-8.513199806213379,19.286314010620117,100.30354309082031,16.742755889892578
1681226041946040,-0.386347234249115,2.1314563751220703,-8.505762100219727,19.267534255981445,100.21104431152344,16.674657821655273
1681226041955908,-0.39078032970428467,2.1277904510498047,-8.512328147888184,19.278640747070312,100.21759033203125,16.64764976501465
1681226041966063,-0.39937663078308105,2.1298160552978516,-8.521181106567383,19.294527053833008,100.28527069091797,16.654186248779297
1681226041975839,-0.4017343521118164,2.1339664459228516,-8.519854545593262,19.287303924560547,100.32320404052734,16.682376861572266
1681226041986052,-0.4022984504699707,2.141286849975586,-8.530255317687988,19.305282592773438,100.41465759277344,16.774951934814453
1681226041996014,-0.40769582986831665,2.151778221130371,-8.553447723388672,19.351682662963867,100.62358093261719,16.8886661529541
1681226042006025,-0.4111948013305664,2.1624741554260254,-8.562103271484375,19.362037658691406,100.7584457397461,16.976085662841797
1681226042016062,-0.40333467721939087,2.164576530456543,-8.5512056350708,19.338973999023438,100.75355529785156,17.0015926361084
1681226042025963,-0.3939822316169739,2.1609859466552734,-8.533873558044434,19.298316955566406,100.59210205078125,17.000680923461914
1681226042035970,-0.3880906105041504,2.153986930847168,-8.521028518676758,19.26654052734375,100.43810272216797,16.959245681762695
1681226042046069,-0.3810551166534424,2.147902488708496,-8.510801315307617,19.24738121032715,100.34339904785156,16.922733306884766
1681226042055924,-0.36550474166870117,2.142899513244629,-8.500814437866211,19.240934371948242,100.31500244140625,16.926462173461914
1681226042066067,-0.35751068592071533,2.1418442726135254,-8.518842697143555,19.291749954223633,100.45741271972656,16.97176170349121
1681226042075919,-0.35533231496810913,2.1442675590515137,-8.537744522094727,19.34375762939453,100.66664123535156,17.00994873046875
1681226042086052,-0.35449761152267456,2.1454763412475586,-8.549881935119629,19.384586334228516,100.84020233154297,17.014122009277344
1681226042096070,-0.34964823722839355,2.142789840698242,-8.540632247924805,19.374284744262695,100.84449768066406,16.987308502197266
1681226042106074,-0.3526301980018616,2.1376075744628906,-8.545342445373535,19.387290954589844,100.82582092285156,16.932029724121094
1681226042116043,-0.35584110021591187,2.1361799240112305,-8.547140121459961,19.39347267150879,100.84712219238281,16.90635871887207
1681226042125943,-0.35941022634506226,2.1381826400756836,-8.558623313903809,19.421295166015625,100.95205688476562,16.922103881835938
1681226042136011,-0.36191755533218384,2.142732620239258,-8.573762893676758,19.452983856201172,101.11619567871094,16.96495819091797
1681226042145959,-0.3692739009857178,2.1508231163024902,-8.604410171508789,19.523527145385742,101.38694763183594,17.029701232910156
1681226042156034,-0.379025399684906,2.1598825454711914,-8.629629135131836,19.57404136657715,101.66990661621094,17.1010684967041
1681226042165907,-0.3859426975250244,2.166995048522949,-8.649381637573242,19.619821548461914,101.90388488769531,17.14411735534668
1681226042175888,-0.38935667276382446,2.17165470123291,-8.669029235839844,19.669397354125977,102.1528091430664,17.176645278930664
1681226042186022,-0.3965957760810852,2.1794166564941406,-8.697511672973633,19.738157272338867,102.43605041503906,17.243122100830078
1681226042196044,-0.3995189666748047,2.1886415481567383,-8.728757858276367,19.812660217285156,102.8082275390625,17.326547622680664
1681226042205995,-0.39929479360580444,2.2013072967529297,-8.766715049743652,19.913040161132812,103.24855041503906,17.44635581970215
1681226042216006,-0.40216827392578125,2.217559337615967,-8.809001922607422,20.015724182128906,103.71765899658203,17.600547790527344
1681226042225877,-0.408930242061615,2.239668846130371,-8.870357513427734,20.155189514160156,104.3266830444336,17.811975479125977
1681226042235970,-0.4149908423423767,2.2674169540405273,-8.932003021240234,20.290077209472656,104.99830627441406,18.069839477539062
1681226042245933,-0.42845451831817627,2.299558639526367,-9.012162208557129,20.466684341430664,105.784423828125,18.37141227722168
1681226042256060,-0.4486812353134155,2.3383617401123047,-9.092767715454102,20.641054153442383,106.6086654663086,18.701946258544922
1681226042265975,-0.4731302857398987,2.377631187438965,-9.177593231201172,20.817136764526367,107.47088623046875,19.022891998291016
1681226042275886,-0.501595675945282,2.4174270629882812,-9.254277229309082,20.97430419921875,108.26123046875,19.324201583862305
1681226042286002,-0.5287393927574158,2.450155258178711,-9.31353759765625,21.097702026367188,108.91578674316406,19.555612564086914
1681226042296040,-0.5534713268280029,2.4787168502807617,-9.359018325805664,21.18404197692871,109.41725158691406,19.757823944091797
1681226042305879,-0.5729259252548218,2.5012454986572266,-9.399677276611328,21.26218032836914,109.86869812011719,19.921913146972656
1681226042315893,-0.5917202830314636,2.5231428146362305,-9.44449234008789,21.3501033782959,110.31867218017578,20.08912467956543
1681226042325852,-0.6022292971611023,2.5402374267578125,-9.472577095031738,21.40961456298828,110.70045471191406,20.22003746032715
1681226042335821,-0.6102686524391174,2.5550107955932617,-9.511335372924805,21.4953556060791,111.10932922363281,20.34502410888672
1681226042345885,-0.6172744035720825,2.567629814147949,-9.539348602294922,21.557926177978516,111.4417495727539,20.437255859375
1681226042355960,-0.6236763596534729,2.57491397857666,-9.566856384277344,21.617496490478516,111.737548828125,20.48875617980957
1681226042365943,-0.6227257251739502,2.577329635620117,-9.578763961791992,21.653928756713867,111.95851135253906,20.50370216369629
1681226042375808,-0.6231224536895752,2.576951026916504,-9.596773147583008,21.70267105102539,112.1563720703125,20.49875259399414
1681226042385862,-0.6278103590011597,2.576695442199707,-9.6189546585083,21.764482498168945,112.3843765258789,20.47792625427246
1681226042395884,-0.6308534145355225,2.5743408203125,-9.638444900512695,21.829456329345703,112.6159439086914,20.422618865966797
1681226042405925,-0.6337741613388062,2.570584297180176,-9.656463623046875,21.89247703552246,112.83784484863281,20.352354049682617
1681226042415927,-0.6411142945289612,2.5662879943847656,-9.67728042602539,21.95771026611328,113.05046081542969,20.26603126525879
1681226042425862,-0.6510013341903687,2.5632734298706055,-9.703315734863281,22.035009384155273,113.30674743652344,20.187185287475586
1681226042436020,-0.6573942303657532,2.5625391006469727,-9.725824356079102,22.1038818359375,113.58686828613281,20.135446548461914
1681226042445837,-0.6637321710586548,2.563767433166504,-9.757736206054688,22.191574096679688,113.9346923828125,20.123783111572266
1681226042455911,-0.6725736260414124,2.5697708129882812,-9.790098190307617,22.27207374572754,114.27723693847656,20.147808074951172
1681226042465934,-0.6831209659576416,2.577456474304199,-9.825285911560059,22.358755111694336,114.62995910644531,20.181062698364258
1681226042475892,-0.7010967135429382,2.5859575271606445,-9.864337921142578,22.44476318359375,114.9888687133789,20.215309143066406
1681226042486025,-0.7274172902107239,2.59896183013916,-9.897941589355469,22.512557983398438,115.28910827636719,20.263029098510742
1681226042496053,-0.7526718974113464,2.614527702331543,-9.93997573852539,22.59975814819336,115.68589782714844,20.330657958984375
1681226042505950,-0.7797732949256897,2.632038116455078,-9.989908218383789,22.713680267333984,116.16447448730469,20.410329818725586
1681226042516022,-0.8149454593658447,2.648453712463379,-10.051689147949219,22.847299575805664,116.73550415039062,20.47216033935547
1681226042525879,-0.8435903191566467,2.663548469543457,-10.087213516235352,22.92833709716797,117.17132568359375,20.493572235107422
1681226042535950,-0.8636386394500732,2.6683874130249023,-10.118273735046387,23.000896453857422,117.51439666748047,20.453392028808594
1681226042545993,-0.8876771926879883,2.668776512145996,-10.147756576538086,23.071456909179688,117.79067993164062,20.365272521972656
1681226042556001,-0.9165288805961609,2.6694812774658203,-10.188965797424316,23.163692474365234,118.14324188232422,20.278074264526367
1681226042566025,-0.9313075542449951,2.674753189086914,-10.225908279418945,23.269611358642578,118.59719848632812,20.235136032104492
1681226042575902,-0.9402673840522766,2.6795616149902344,-10.279202461242676,23.412473678588867,119.16789245605469,20.2392635345459
1681226042585946,-0.9579100608825684,2.688821792602539,-10.349617004394531,23.593826293945312,119.8602523803711,20.269241333007812
1681226042596010,-0.978614091873169,2.7008514404296875,-10.40959358215332,23.746475219726562,120.50631713867188,20.29482078552246
1681226042606009,-0.9921038150787354,2.70633602142334,-10.443502426147461,23.837934494018555,120.95713806152344,20.26560401916504
1681226042616027,-1.0120244026184082,2.70908260345459,-10.472843170166016,23.905101776123047,121.22511291503906,20.224363327026367
1681226042625911,-1.0412533283233643,2.7159366607666016,-10.510093688964844,23.978662490844727,121.51731872558594,20.19255828857422
1681226042635921,-1.0686837434768677,2.726668357849121,-10.536174774169922,24.029647827148438,121.77467346191406,20.190889358520508
1681226042646011,-1.093434453010559,2.736928939819336,-10.556838989257812,24.058364868164062,121.96836853027344,20.219268798828125
1681226042656011,-1.124794602394104,2.7530746459960938,-10.587657928466797,24.111164093017578,122.18569946289062,20.292259216308594
1681226042666011,-1.1600784063339233,2.771124839782715,-10.607229232788086,24.13315773010254,122.32601928710938,20.359477996826172
1681226042675865,-1.1925129890441895,2.787738800048828,-10.6240234375,24.155733108520508,122.46012878417969,20.424419403076172
1681226042686064,-1.2236038446426392,2.8035354614257812,-10.639720916748047,24.167072296142578,122.56595611572266,20.486051559448242
1681226042695959,-1.2546203136444092,2.8188486099243164,-10.657922744750977,24.18665313720703,122.66838073730469,20.532623291015625
1681226042705901,-1.2814617156982422,2.83431339263916,-10.662424087524414,24.1689453125,122.68370056152344,20.598909378051758
1681226042716010,-1.283402919769287,2.838939666748047,-10.658550262451172,24.160297393798828,122.75276184082031,20.597755432128906
1681226042725793,-1.3085476160049438,2.8434314727783203,-10.701762199401855,24.236431121826172,122.94055938720703,20.617979049682617
1681226042735961,-1.3377516269683838,2.8443832397460938,-10.70374870300293,24.226879119873047,122.96829223632812,20.501482009887695
1681226042746015,-1.3631585836410522,2.8425397872924805,-10.708098411560059,24.221664428710938,122.96334838867188,20.405216217041016
1681226042755988,-1.3884620666503906,2.835752487182617,-10.721221923828125,24.25037384033203,123.03553771972656,20.242630004882812
1681226042766003,-1.463321566581726,2.851433753967285,-10.807600975036621,24.394744873046875,123.43583679199219,20.2578182220459
1681226042775837,-1.5115286111831665,2.878596305847168,-10.827167510986328,24.426189422607422,123.81765747070312,20.285837173461914
1681226042785997,-1.5355671644210815,2.902501106262207,-10.905640602111816,24.613994598388672,124.60958862304688,20.45180320739746
1681226042795957,-1.5936322212219238,2.939866065979004,-11.040664672851562,24.91385269165039,125.71427917480469,20.683612823486328
1681226042805878,-1.6682028770446777,2.980158805847168,-11.155386924743652,25.157705307006836,126.81494140625,20.829940795898438
1681226042815908,-1.6948590278625488,2.9985857009887695,-11.17745304107666,25.22284507751465,127.41995239257812,20.803983688354492
1681226042825864,-1.7193700075149536,2.9983654022216797,-11.216978073120117,25.315433502197266,127.78324890136719,20.725021362304688
1681226042835909,-1.7891119718551636,3.0102453231811523,-11.311272621154785,25.498517990112305,128.36056518554688,20.690284729003906
1681226042845849,-1.8348424434661865,3.0169544219970703,-11.37122631072998,25.644603729248047,129.1385498046875,20.528409957885742
1681226042855968,-1.8568689823150635,3.020388603210449,-11.469881057739258,25.905040740966797,130.24928283691406,20.461284637451172
1681226042865952,-1.9119088649749756,3.03707218170166,-11.640192031860352,26.31313705444336,131.7696533203125,20.486473083496094
1681226042875861,-1.9885733127593994,3.06695556640625,-11.830249786376953,26.766691207885742,133.64154052734375,20.511817932128906
1681226042885964,-2.0340919494628906,3.092848777770996,-11.95119857788086,27.079301834106445,135.23800659179688,20.489688873291016
1681226042895743,-2.0728135108947754,3.1264209747314453,-12.078283309936523,27.39315414428711,136.60572814941406,20.65329360961914
1681226042905942,-2.143294095993042,3.1846303939819336,-12.262934684753418,27.80475616455078,138.2348175048828,21.0302734375
1681226042915853,-2.2181549072265625,3.2658538818359375,-12.464183807373047,28.268444061279297,140.27496337890625,21.564983367919922
1681226042925856,-2.2900779247283936,3.370175361633301,-12.706785202026367,28.833065032958984,142.7171630859375,22.362289428710938
1681226042935960,-2.382687568664551,3.5004634857177734,-13.001791954040527,29.51667022705078,145.56126403808594,23.37762451171875
1681226042945886,-2.5031020641326904,3.6501617431640625,-13.344459533691406,30.291553497314453,148.84393310546875,24.51540756225586
1681226042955945,-2.612032413482666,3.809319496154785,-13.653629302978516,31.01192855834961,152.11068725585938,25.693359375
1681226042965867,-2.6784706115722656,3.954082489013672,-13.888221740722656,31.583972930908203,154.8272705078125,26.82366943359375
1681226042975862,-2.7686192989349365,4.090052604675293,-14.15545654296875,32.18946075439453,157.30352783203125,27.923381805419922
1681226042985904,-2.8479511737823486,4.205018997192383,-14.409021377563477,32.79671096801758,159.9771270751953,28.772560119628906
1681226042995912,-2.8867568969726562,4.271904945373535,-14.562378883361816,33.20520782470703,161.96380615234375,29.209033966064453
1681226043005794,-2.9099936485290527,4.311557769775391,-14.7382230758667,33.67531204223633,163.87940979003906,29.515830993652344
1681226043015927,-2.945303440093994,4.346447944641113,-14.9308443069458,34.187049865722656,165.899169921875,29.757301330566406
1681226043025814,-2.909946918487549,4.358613014221191,-15.000893592834473,34.4813232421875,167.40049743652344,29.833019256591797
1681226043035946,-2.832995653152466,4.36292839050293,-15.035959243774414,34.69076156616211,168.22254943847656,30.072322845458984
1681226043045845,-2.722027063369751,4.362632751464844,-15.073263168334961,34.93669128417969,169.0614013671875,30.372785568237305
1681226043055986,-2.5485610961914062,4.371825218200684,-15.073171615600586,35.15290069580078,169.8288116455078,30.904014587402344
1681226043065930,-2.3987250328063965,4.402013778686523,-15.155352592468262,35.52919387817383,170.7857666015625,31.75315284729004
1681226043075888,-2.310243844985962,4.44639778137207,-15.305863380432129,36.044708251953125,172.2467498779297,32.5653190612793
1681226043085936,-2.2504968643188477,4.482391357421875,-15.438799858093262,36.509361267089844,173.78106689453125,33.110923767089844
1681226043096018,-2.2319445610046387,4.539911270141602,-15.604146957397461,37.006072998046875,175.3525848388672,33.784976959228516
1681226043105956,-2.295095443725586,4.594661712646484,-15.808770179748535,37.53308868408203,177.01016235351562,34.224449157714844
1681226043115899,-2.383803606033325,4.649312973022461,-16.026325225830078,38.09571838378906,179.05599975585938,34.456382751464844
1681226043125831,-2.4672889709472656,4.697822570800781,-16.254981994628906,38.68518829345703,181.3641815185547,34.60659408569336
1681226043135915,-2.6044812202453613,4.777896881103516,-16.568378448486328,39.42588806152344,184.04702758789062,34.98796463012695
1681226043145917,-2.7917885780334473,4.875767707824707,-16.919158935546875,40.24403381347656,187.17808532714844,35.33046340942383
1681226043155944,-3.003131866455078,4.98777961730957,-17.285606384277344,41.08156967163086,190.5491943359375,35.68804168701172
1681226043165874,-3.207057237625122,5.092238426208496,-17.639013290405273,41.906097412109375,193.98390197753906,35.94384765625
1681226043175790,-3.413548469543457,5.218503952026367,-18.034589767456055,42.84075927734375,197.710693359375,36.43013381958008
1681226043185958,-3.5873286724090576,5.34351921081543,-18.420989990234375,43.80741500854492,201.66873168945312,36.94233703613281
1681226043195958,-3.7333786487579346,5.461240768432617,-18.803329467773438,44.77777862548828,205.60183715820312,37.505855560302734
1681226043205935,-3.840970993041992,5.560224533081055,-19.112377166748047,45.588050842285156,208.9835662841797,37.961814880371094
1681226043215963,-3.91088604927063,5.635915756225586,-19.348533630371094,46.22243118286133,211.65731811523438,38.34273147583008
1681226043225832,-3.939850091934204,5.687091827392578,-19.49945068359375,46.66210174560547,213.54104614257812,38.622825622558594
1681226043235923,-3.9211373329162598,5.728857040405273,-19.59860610961914,47.004390716552734,214.9319305419922,38.973907470703125
1681226043245969,-3.8340704441070557,5.768795013427734,-19.62694549560547,47.22533416748047,215.830078125,39.511260986328125
1681226043255930,-3.690505027770996,5.79804801940918,-19.616493225097656,47.381919860839844,216.3199920654297,40.216339111328125
1681226043265952,-3.514108180999756,5.81031608581543,-19.560596466064453,47.42041778564453,216.27975463867188,40.91592025756836
1681226043275871,-3.322786808013916,5.7844390869140625,-19.455537796020508,47.299766540527344,215.64723205566406,41.34436798095703
1681226043285970,-3.1356256008148193,5.71453857421875,-19.303787231445312,47.018035888671875,214.480224609375,41.36643981933594
1681226043295901,-2.980494499206543,5.613691329956055,-19.159313201904297,46.6883544921875,213.1270294189453,41.02288818359375
1681226043305813,-2.869523048400879,5.51307487487793,-19.05613136291504,46.4282341003418,212.05145263671875,40.51499557495117
1681226043315708,-2.789313793182373,5.425914764404297,-18.98499870300293,46.24615478515625,211.36196899414062,39.975162506103516
1681226043325877,-2.7331860065460205,5.367647171020508,-18.9487361907959,46.15314483642578,211.03651428222656,39.60959243774414
1681226043335879,-2.7106051445007324,5.342582702636719,-18.951093673706055,46.15559768676758,210.96115112304688,39.4586067199707
1681226043345933,-2.7142093181610107,5.344601631164551,-18.988771438598633,46.251251220703125,211.22549438476562,39.46690368652344
1681226043355904,-2.7249412536621094,5.361423492431641,-19.036666870117188,46.38273620605469,211.69332885742188,39.55286407470703
1681226043365871,-2.7531590461730957,5.4034528732299805,-19.127836227416992,46.62571716308594,212.45254516601562,39.853302001953125
1681226043375794,-2.7876367568969727,5.475132942199707,-19.243762969970703,46.965980529785156,213.522705078125,40.377349853515625
1681226043385922,-2.8170695304870605,5.561479568481445,-19.360902786254883,47.31171798706055,214.67233276367188,41.05684280395508
1681226043395699,-2.839390993118286,5.64558219909668,-19.469520568847656,47.64447784423828,215.7523193359375,41.76057815551758
1681226043405843,-2.8632302284240723,5.709031105041504,-19.559219360351562,47.915252685546875,216.61929321289062,42.289588928222656
1681226043415943,-2.871917724609375,5.737119674682617,-19.60379981994629,48.06267547607422,217.17807006835938,42.50863265991211
1681226043425792,-2.8792219161987305,5.739776611328125,-19.65226173400879,48.19660568237305,217.67333984375,42.53434753417969
1681226043435922,-2.884443998336792,5.733424186706543,-19.70754623413086,48.35432052612305,218.27700805664062,42.46165084838867
1681226043445706,-2.8797495365142822,5.7248125076293945,-19.753372192382812,48.49873733520508,218.88461303710938,42.36823272705078
1681226043455903,-2.875687837600708,5.727014541625977,-19.814542770385742,48.68379211425781,219.54660034179688,42.40007781982422
1681226043465929,-2.8758175373077393,5.735443115234375,-19.871746063232422,48.853302001953125,220.16964721679688,42.46881866455078
1681226043475852,-2.863046646118164,5.72856330871582,-19.86172103881836,48.850685119628906,220.2694091796875,42.401885986328125
1681226043485933,-2.853067398071289,5.703737258911133,-19.843002319335938,48.791587829589844,220.07888793945312,42.21394348144531
1681226043495868,-2.855278491973877,5.676755905151367,-19.82982635498047,48.72673797607422,219.88626098632812,41.975929260253906
1681226043505887,-2.8601527214050293,5.650674819946289,-19.816028594970703,48.66584777832031,219.74041748046875,41.69900131225586
1681226043515933,-2.8614842891693115,5.63746452331543,-19.816551208496094,48.66248321533203,219.7723388671875,41.54808807373047
