2023/09/13/15:38:26.671927,4986,0,0,,0.4007246,0.45313171,-0.1550561,-0.0038767,800,800,0
2023/09/13/15:38:26.681517,4987,0,0,,0.40072305,0.45313359,-0.1224589,-0.0045698,800,800,0
2023/09/13/15:38:26.691017,4988,0,0,,0.40072259,0.45313245,-0.1326946,-0.0042093,800,800,0
2023/09/13/15:38:26.700906,4989,0,0,,0.40072359,0.45313296,-0.1155605,-0.0053248,800,800,0
2023/09/13/15:38:26.711184,4990,0,0,,0.40072344,0.45313249,-0.0929923,-0.0056841,800,800,0
2023/09/13/15:38:26.721050,4991,0,0,,0.40072315,0.4531338,-0.097642,-0.0052869,800,800,0
2023/09/13/15:38:26.731072,4992,0,0,,0.40072326,0.45313369,-0.0254509,-0.0042617,800,800,0
2023/09/13/15:38:26.741858,4993,0,0,,0.40072571,0.45313329,-0.0732684,-0.0052905,800,800,0
2023/09/13/15:38:26.750954,4994,0,0,,0.40072549,0.45313285,-0.0680971,-0.0045307,800,800,0
2023/09/13/15:38:26.761070,4995,0,0,,0.40072434,0.45313399,-0.1114816,-0.0042741,800,800,0
2023/09/13/15:38:26.771082,4996,0,0,,0.40072465,0.45313229,-0.0941221,-0.0034649,800,800,0
2023/09/13/15:38:26.781597,4997,0,0,,0.4007255,0.45313396,-0.117365,-0.0035455,800,800,0
2023/09/13/15:38:26.790961,4998,0,0,,0.40072589,0.45313392,-0.0839753,-0.0040805,800,800,0
2023/09/13/15:38:26.801431,4999,0,0,,0.40072687,0.45313276,-0.1285318,-0.0023549,800,800,0
2023/09/13/15:38:26.811378,5000,0,0,,0.40072604,0.45313381,-0.1342088,-0.0024259,800,800,0
2023/09/13/15:38:26.821234,5001,0,0,,0.40072559,0.45313461,-0.10451,-0.0019858,800,800,0
2023/09/13/15:38:26.830947,5002,0,0,,0.40072507,0.45313313,-0.1389264,-0.0018861,800,800,0
2023/09/13/15:38:26.841216,5003,0,0,,0.40072391,0.45313347,-0.1422948,-0.0022538,800,800,0
2023/09/13/15:38:26.851276,5004,0,0,,0.40072373,0.45313305,-0.1057847,-0.0035944,800,800,0
2023/09/13/15:38:26.860953,5005,0,0,,0.40072605,0.45313355,-0.0809655,-0.0027406,800,800,0
2023/09/13/15:38:26.871344,5006,0,0,,0.40072798,0.45313242,-0.1049448,-0.004071,800,800,0
2023/09/13/15:38:26.880970,5007,0,0,,0.40072579,0.45313345,-0.1238597,-0.0034075,800,800,0
2023/09/13/15:38:26.891135,5008,0,0,,0.40072347,0.45313296,-0.1201532,-0.0013542,800,800,0
2023/09/13/15:38:26.901635,5009,0,0,,0.40072569,0.45313357,-0.1337636,-0.0017159,800,800,0
2023/09/13/15:38:26.911230,5010,0,0,,0.4007275,0.45313273,-0.108257,-0.0019007,800,800,0
2023/09/13/15:38:26.921176,5011,0,0,,0.40072328,0.4531326,-0.1384906,-0.0023978,800,800,0
2023/09/13/15:38:26.930968,5012,0,0,,0.40072689,0.45313375,-0.1245119,-0.0028136,800,800,0
2023/09/13/15:38:26.941126,5013,0,0,,0.40072342,0.45313288,-0.1433758,-0.0036924,800,800,0
2023/09/13/15:38:26.950878,5014,0,0,,0.40072337,0.45313365,-0.1304552,-0.0045619,800,800,0
2023/09/13/15:38:26.961580,5015,0,0,,0.40072603,0.45313352,-0.1335963,-0.0049081,800,800,0
2023/09/13/15:38:26.970994,5016,0,0,,0.40072298,0.45313336,-0.1340177,-0.0042071,800,800,0
2023/09/13/15:38:26.981045,5017,0,0,,0.40072323,0.45313323,-0.1517749,-0.0039492,800,800,0
2023/09/13/15:38:26.991070,5018,0,0,,0.40072302,0.45313364,-0.1460071,-0.0035548,800,800,0
2023/09/13/15:38:27.000970,5019,0,0,,0.40072697,0.45313346,-0.1352386,-0.0023756,800,800,0
2023/09/13/15:38:27.011241,5020,0,0,,0.4007245,0.45313342,-0.1041664,-0.0022788,800,800,0
2023/09/13/15:38:27.021873,5021,0,0,,0.40072452,0.45313253,-0.1318894,-0.0025585,800,800,0
2023/09/13/15:38:27.031255,5022,0,0,,0.40072409,0.45313265,-0.0895258,-0.0031164,800,800,0
2023/09/13/15:38:27.040982,5023,0,0,,0.40072254,0.453133,-0.1164698,-0.0031462,800,800,0
2023/09/13/15:38:27.050936,5024,0,0,,0.40072433,0.45313197,-0.1133122,-0.0024819,800,800,0
2023/09/13/15:38:27.061342,5025,0,0,,0.40072411,0.45313423,-0.0909166,-0.0020778,800,800,0
2023/09/13/15:38:27.071167,5026,0,0,,0.40072492,0.45313266,-0.0923263,-0.0010078,800,800,0
2023/09/13/15:38:27.081130,5027,0,0,,0.40072457,0.45313219,-0.1087762,-0.0007169,800,800,0
2023/09/13/15:38:27.092088,5028,0,0,,0.40072378,0.45313325,-0.0883911,-0.0012155,800,800,0
2023/09/13/15:38:27.100907,5029,0,0,,0.40072633,0.45313279,-0.0878608,-0.0017247,800,800,0
2023/09/13/15:38:27.112151,5030,0,0,,0.40072653,0.45313264,-0.0997968,-0.0028825,800,800,0
2023/09/13/15:38:27.122344,5031,0,0,,0.40072786,0.45313183,-0.107674,-0.0034389,800,800,0
2023/09/13/15:38:27.131302,5032,0,0,,0.40072656,0.45313397,-0.0627167,-0.0033896,800,800,0
2023/09/13/15:38:27.141103,5033,0,0,,0.4007253,0.45313266,-0.0778664,-0.0020025,800,800,0
2023/09/13/15:38:27.151751,5034,0,0,,0.40072404,0.45313429,-0.0913574,-0.0020077,800,800,0
2023/09/13/15:38:27.161819,5035,0,0,,0.40072783,0.45313428,-0.1168167,-0.0003371,800,800,0
2023/09/13/15:38:27.170933,5036,0,0,,0.40072449,0.45313262,-0.1040231,0.00014663,800,800,0
2023/09/13/15:38:27.181542,5037,0,0,,0.40072452,0.45313264,-0.0968325,0.00057387,800,800,0
2023/09/13/15:38:27.192332,5038,0,0,,0.40072139,0.45313336,-0.1031781,-0.0006123,800,800,0
2023/09/13/15:38:27.201243,5039,0,0,,0.40072386,0.4531337,-0.0906729,-0.000952,800,800,0
2023/09/13/15:38:27.210993,5040,0,0,,0.40072315,0.45313178,-0.0984337,-0.0027049,800,800,0
2023/09/13/15:38:27.220904,5041,0,0,,0.400726,0.45313303,-0.1114085,-0.0039096,800,800,0
2023/09/13/15:38:27.231193,5042,0,0,,0.40072652,0.45313298,-0.1181774,-0.0040257,800,800,0
2023/09/13/15:38:27.241763,5043,0,0,,0.40072533,0.45313399,-0.0566098,-0.0037878,800,800,0
2023/09/13/15:38:27.250972,5044,0,0,,0.40072354,0.45313281,-0.1026709,-0.0051615,800,800,0
2023/09/13/15:38:27.261019,5045,0,0,,0.40072455,0.45313333,-0.1289799,-0.0038993,800,800,0
2023/09/13/15:38:27.270876,5046,0,0,,0.4007254,0.45313311,-0.1310591,-0.0038891,800,800,0
2023/09/13/15:38:27.281876,5047,0,0,,0.40072643,0.45313185,-0.1486689,-0.0038166,800,800,0
2023/09/13/15:38:27.290980,5048,0,0,,0.40072512,0.45313338,-0.111544,-0.0045741,800,800,0
2023/09/13/15:38:27.301120,5049,0,0,,0.4007258,0.45313335,-0.1153944,-0.0034795,800,800,0
2023/09/13/15:38:27.311583,5050,0,0,,0.4007255,0.45313221,-0.1019176,-0.0041707,800,800,0
2023/09/13/15:38:27.320910,5051,0,0,,0.40072374,0.45313403,-0.0925096,-0.0027964,800,800,0
2023/09/13/15:38:27.331253,5052,0,0,,0.40072571,0.45313305,-0.1132161,-0.0029442,800,800,0
2023/09/13/15:38:27.342690,5053,0,0,,0.40072495,0.45313275,-0.0930501,-0.0024621,800,800,0
2023/09/13/15:38:27.350972,5054,0,0,,0.40072551,0.45313363,-0.1310629,-0.0017338,800,800,0
2023/09/13/15:38:27.361262,5055,0,0,,0.40072601,0.45313281,-0.1177287,-0.0004404,800,800,0
2023/09/13/15:38:27.370958,5056,0,0,,0.4007249,0.45313341,-0.144334,-0.0017226,800,800,0
2023/09/13/15:38:27.381211,5057,0,0,,0.40072773,0.45313249,-0.151006,-0.0019476,800,800,0
2023/09/13/15:38:27.391110,5058,0,0,,0.40072566,0.45313262,-0.1291649,-0.0022409,800,800,0
2023/09/13/15:38:27.401352,5059,0,0,,0.4007247,0.45313334,-0.1438093,-0.0026863,800,800,0
2023/09/13/15:38:27.411785,5060,0,0,,0.40072391,0.45313363,-0.1680511,-0.003865,800,800,0
2023/09/13/15:38:27.421202,5061,0,0,,0.40072633,0.45313329,-0.1720277,-0.0020971,800,800,0
2023/09/13/15:38:27.431253,5062,0,0,,0.40072552,0.45313347,-0.1518464,-0.0019033,800,800,0
2023/09/13/15:38:27.441250,5063,0,0,,0.40072503,0.45313246,-0.1475524,-0.0015526,800,800,0
2023/09/13/15:38:27.451701,5064,0,0,,0.40072449,0.45313359,-0.1553835,-0.0014739,800,800,0
2023/09/13/15:38:27.460983,5065,0,0,,0.40072594,0.45313254,-0.1424061,-0.0009105,800,800,0
2023/09/13/15:38:27.470930,5066,0,0,,0.40072604,0.45313318,-0.1368518,-0.0016201,800,800,0
2023/09/13/15:38:27.481175,5067,0,0,,0.40072614,0.45313376,-0.1190959,-0.0027668,800,800,0
2023/09/13/15:38:27.491173,5068,0,0,,0.40072771,0.45313339,-0.1208313,-0.0028136,800,800,0
2023/09/13/15:38:27.501273,5069,0,0,,0.40072645,0.45313392,-0.0856408,-0.0024881,800,800,0
2023/09/13/15:38:27.511362,5070,0,0,,0.40072434,0.45313225,-0.1003496,-0.0021815,800,800,0
2023/09/13/15:38:27.521256,5071,0,0,,0.40072448,0.45313222,-0.0818958,-0.0034122,800,800,0
2023/09/13/15:38:27.531779,5072,0,0,,0.4007259,0.45313179,-0.0999686,-0.0021901,800,800,0
2023/09/13/15:38:27.540984,5073,0,0,,0.4007258,0.45313369,-0.1097572,-0.0023007,800,800,0
2023/09/13/15:38:27.550910,5074,0,0,,0.40072949,0.45313296,-0.1100866,-0.0028491,800,800,0
2023/09/13/15:38:27.561804,5075,0,0,,0.40072394,0.45313231,-0.1198431,-0.0034893,800,800,0
2023/09/13/15:38:27.570958,5076,0,0,,0.40072707,0.45313218,-0.1317792,-0.0028927,800,800,0
2023/09/13/15:38:27.581352,5077,0,0,,0.40072492,0.45313309,-0.1369544,-0.0044954,800,800,0
2023/09/13/15:38:27.591018,5078,0,0,,0.40072395,0.45313301,-0.1302596,-0.0046504,800,800,0
2023/09/13/15:38:27.601481,5079,0,0,,0.40072495,0.45313423,-0.1346925,-0.0042074,800,800,0
2023/09/13/15:38:27.611418,5080,0,0,,0.40072466,0.45313329,-0.1065351,-0.0044699,800,800,0
2023/09/13/15:38:27.620928,5081,0,0,,0.40072232,0.45313275,-0.1321212,-0.0036883,800,800,0
2023/09/13/15:38:27.630929,5082,0,0,,0.40072598,0.45313431,-0.0950106,-0.0029287,800,800,0
2023/09/13/15:38:27.640956,5083,0,0,,0.40072496,0.45313339,-0.0942424,-0.0024235,800,800,0
2023/09/13/15:38:27.650986,5084,0,0,,0.40072549,0.45313376,-0.0865977,-0.0020802,800,800,0
2023/09/13/15:38:27.661683,5085,0,0,,0.40072479,0.45313295,-0.0998831,-0.0018377,800,800,0
2023/09/13/15:38:27.671197,5086,0,0,,0.40072686,0.45313319,-0.0921777,-0.0026124,800,800,0
2023/09/13/15:38:27.681572,5087,0,0,,0.40072437,0.45313218,-0.0935241,-0.0012724,800,800,0
2023/09/13/15:38:27.691185,5088,0,0,,0.40072392,0.45313272,-0.0952197,-0.0011518,800,800,0
2023/09/13/15:38:27.701224,5089,0,0,,0.40072541,0.45313343,-0.0767067,-0.0009477,800,800,0
2023/09/13/15:38:27.711534,5090,0,0,,0.4007274,0.4531318,-0.1197112,-0.0013363,800,800,0
2023/09/13/15:38:27.721096,5091,0,0,,0.40072379,0.4531326,-0.1175307,-0.0006504,800,800,0
2023/09/13/15:38:27.731132,5092,0,0,,0.40072634,0.45313407,-0.0966773,-0.0009768,800,800,0
2023/09/13/15:38:27.741141,5093,0,0,,0.40072417,0.45313363,-0.0974059,-0.0012536,800,800,0
2023/09/13/15:38:27.751195,5094,0,0,,0.40072467,0.45313347,-0.14024,-0.0020614,800,800,0
2023/09/13/15:38:27.761031,5095,0,0,,0.40072491,0.45313314,-0.1424139,-0.0017838,800,800,0
2023/09/13/15:38:27.771161,5096,0,0,,0.40072259,0.45313321,-0.123371,-0.0024073,800,800,0
2023/09/13/15:38:27.781129,5097,0,0,,0.40072434,0.4531341,-0.1044321,-0.002609,800,800,0
2023/09/13/15:38:27.791020,5098,0,0,,0.40072254,0.45313362,-0.0701429,-0.002542,800,800,0
2023/09/13/15:38:27.800891,5099,0,0,,0.40072521,0.45313376,-0.0842763,-0.0035162,800,800,0
2023/09/13/15:38:27.811533,5100,0,0,,0.40072449,0.45313342,-0.0638952,-0.0031078,800,800,0
2023/09/13/15:38:27.820897,5101,0,0,,0.40072525,0.45313213,-0.0618776,-0.0030971,800,800,0
2023/09/13/15:38:27.831325,5102,0,0,,0.40072606,0.45313367,-0.0426508,-0.003417,800,800,0
2023/09/13/15:38:27.840980,5103,0,0,,0.40072297,0.453133,-0.0750595,-0.0034609,800,800,0
2023/09/13/15:38:27.851103,5104,0,0,,0.40072578,0.45313346,-0.0905761,-0.0023787,800,800,0
2023/09/13/15:38:27.861409,5105,0,0,,0.40072291,0.45313365,-0.083562,-0.0031188,800,800,0
2023/09/13/15:38:27.871169,5106,0,0,,0.40072615,0.45313364,-0.1057089,-0.0037756,800,800,0
2023/09/13/15:38:27.881159,5107,0,0,,0.40072538,0.4531327,-0.100459,-0.0036504,800,800,0
2023/09/13/15:38:27.891622,5108,0,0,,0.40072101,0.45313429,-0.0929809,-0.003494,800,800,0
2023/09/13/15:38:27.901300,5109,0,0,,0.40072423,0.45313324,-0.099714,-0.003304,800,800,0
2023/09/13/15:38:27.911426,5110,0,0,,0.40072483,0.4531325,-0.0890086,-0.003185,800,800,0
2023/09/13/15:38:27.922580,5111,0,0,,0.4007258,0.4531331,-0.1071548,-0.0030928,800,800,0
2023/09/13/15:38:27.932100,5112,0,0,,0.40072438,0.45313276,-0.0681094,-0.0035856,800,800,0
2023/09/13/15:38:27.940930,5113,0,0,,0.40072769,0.45313331,-0.0812061,-0.0041707,800,800,0
2023/09/13/15:38:27.951504,5114,0,0,,0.40072457,0.45313197,-0.0849012,-0.003808,800,800,0
2023/09/13/15:38:27.961107,5115,0,0,,0.40072527,0.45313342,-0.0705559,-0.003264,800,800,0
2023/09/13/15:38:27.971002,5116,0,0,,0.4007252,0.45313318,-0.0833845,-0.0025382,800,800,0
2023/09/13/15:38:27.980913,5117,0,0,,0.4007254,0.45313303,-0.0699174,-0.0017469,800,800,0
2023/09/13/15:38:27.991421,5118,0,0,,0.40072067,0.45313429,-0.0702319,-0.0009708,800,800,0
2023/09/13/15:38:28.000996,5119,0,0,,0.40072242,0.45313371,-0.0705931,-0.0012383,800,800,0
2023/09/13/15:38:28.011769,5120,0,0,,0.40072368,0.45313359,-0.078996,-0.0023942,800,800,0
2023/09/13/15:38:28.021282,5121,0,0,,0.40072174,0.45313372,-0.050466,-0.002825,800,800,0
2023/09/13/15:38:28.031046,5122,0,0,,0.40072428,0.4531336,-0.017775,-0.0033877,800,800,0
2023/09/13/15:38:28.041170,5123,0,0,,0.40072498,0.45313403,-0.0384702,-0.0041823,800,800,0
2023/09/13/15:38:28.051427,5124,0,0,,0.40072585,0.45313323,-0.0337498,-0.0044513,800,800,0
2023/09/13/15:38:28.061032,5125,0,0,,0.40072696,0.4531335,-0.0706349,-0.0036833,800,800,0
2023/09/13/15:38:28.070934,5126,0,0,,0.40072723,0.45313196,-0.0946529,-0.0032759,800,800,0
2023/09/13/15:38:28.082260,5127,0,0,,0.40072846,0.45313347,-0.1221419,-0.0044842,800,800,0
2023/09/13/15:38:28.091303,5128,0,0,,0.40072966,0.45313299,-0.139007,-0.003963,800,800,0
2023/09/13/15:38:28.100919,5129,0,0,,0.40072635,0.45313466,-0.1735025,-0.0051548,800,800,0
2023/09/13/15:38:28.111395,5130,0,0,,0.40072435,0.45313285,-0.153772,-0.0043044,800,800,0
2023/09/13/15:38:28.121168,5131,0,0,,0.40072423,0.4531338,-0.1546731,-0.0049865,800,800,0
2023/09/13/15:38:28.131541,5132,0,0,,0.4007246,0.45313367,-0.116147,-0.003885,800,800,0
2023/09/13/15:38:28.140903,5133,0,0,,0.40071935,0.45313391,-0.1092933,-0.0038307,800,800,0
2023/09/13/15:38:28.151311,5134,0,0,,0.40072123,0.45313299,-0.0795667,-0.0021913,800,800,0
2023/09/13/15:38:28.161391,5135,0,0,,0.40072082,0.45313256,-0.0270122,-0.0035725,800,800,0
2023/09/13/15:38:28.171085,5136,0,0,,0.40072153,0.45313255,0.00790798,-0.0032728,800,800,0
2023/09/13/15:38:28.181903,5137,0,0,,0.40072255,0.45313262,0.03171462,-0.0025399,800,800,0
2023/09/13/15:38:28.191447,5138,0,0,,0.40072653,0.4531329,0.01196617,-0.0020039,800,800,0
2023/09/13/15:38:28.201428,5139,0,0,,0.40072344,0.45313331,0.00422025,-0.0024014,800,800,0
2023/09/13/15:38:28.211236,5140,0,0,,0.40072584,0.45313313,-0.0222524,-0.001785,800,800,0
2023/09/13/15:38:28.220942,5141,0,0,,0.40072481,0.45313261,-0.0686423,-0.0012872,800,800,0
2023/09/13/15:38:28.230903,5142,0,0,,0.40072771,0.45313283,-0.0965573,-0.0018008,800,800,0
2023/09/13/15:38:28.241282,5143,0,0,,0.40072733,0.453133,-0.0722333,-0.0024929,800,800,0
2023/09/13/15:38:28.251173,5144,0,0,,0.40072635,0.45313279,-0.1111246,-0.0026777,800,800,0
2023/09/13/15:38:28.261316,5145,0,0,,0.40072699,0.45313304,-0.1335072,-0.0032876,800,800,0
2023/09/13/15:38:28.271319,5146,0,0,,0.40072346,0.45313238,-0.1116851,-0.0030038,800,800,0
2023/09/13/15:38:28.282469,5147,0,0,,0.40072364,0.45313273,-0.1119633,-0.0032089,800,800,0
2023/09/13/15:38:28.291419,5148,0,0,,0.40072401,0.45313378,-0.1213062,-0.0037675,800,800,0
2023/09/13/15:38:28.300893,5149,0,0,,0.40072619,0.45313244,-0.1135986,-0.004674,800,800,0
2023/09/13/15:38:28.311479,5150,0,0,,0.40072552,0.45313215,-0.1023193,-0.0042253,800,800,0
2023/09/13/15:38:28.321377,5151,0,0,,0.40072382,0.4531334,-0.0887876,-0.0051186,800,800,0
2023/09/13/15:38:28.331264,5152,0,0,,0.40072546,0.45313302,-0.1011411,-0.0046451,800,800,0
2023/09/13/15:38:28.341172,5153,0,0,,0.40072467,0.4531336,-0.0766834,-0.0033603,800,800,0
2023/09/13/15:38:28.351712,5154,0,0,,0.40072345,0.45313298,-0.0535854,-0.0027487,800,800,0
2023/09/13/15:38:28.361227,5155,0,0,,0.40072348,0.45313311,-0.0582227,-0.0027144,800,800,0
2023/09/13/15:38:28.371019,5156,0,0,,0.40072111,0.45313316,-0.0730144,-0.0023155,800,800,0
2023/09/13/15:38:28.381005,5157,0,0,,0.40072555,0.45313293,-0.0645733,-0.0035508,800,800,0
2023/09/13/15:38:28.391079,5158,0,0,,0.40072666,0.45313307,-0.0765943,-0.0044913,800,800,0
2023/09/13/15:38:28.401005,5159,0,0,,0.40072662,0.45313303,-0.0782335,-0.0039883,800,800,0
2023/09/13/15:38:28.411382,5160,0,0,,0.40072768,0.45313252,-0.0899502,-0.0050268,800,800,0
2023/09/13/15:38:28.420899,5161,0,0,,0.40072672,0.45313369,-0.1234826,-0.0050356,800,800,0
2023/09/13/15:38:28.431315,5162,0,0,,0.4007281,0.45313294,-0.1420692,-0.0047603,800,800,0
2023/09/13/15:38:28.441334,5163,0,0,,0.40072716,0.4531332,-0.1330148,-0.0034699,800,800,0
2023/09/13/15:38:28.451485,5164,0,0,,0.40072471,0.45313321,-0.1567721,-0.003438,800,800,0
2023/09/13/15:38:28.461463,5165,0,0,,0.40072628,0.45313493,-0.1517157,-0.002018,800,800,0
2023/09/13/15:38:28.471556,5166,0,0,,0.40072355,0.45313282,-0.1342193,-0.0018668,800,800,0
2023/09/13/15:38:28.481236,5167,0,0,,0.40071979,0.45313346,-0.081255,-0.0007048,800,800,0
2023/09/13/15:38:28.491393,5168,0,0,,0.40071915,0.45313302,-0.0635757,-0.0023613,800,800,0
2023/09/13/15:38:28.500973,5169,0,0,,0.40071789,0.45313344,-0.0783189,-0.00196,800,800,0
2023/09/13/15:38:28.511407,5170,0,0,,0.40071666,0.45313347,-0.0356014,-0.0025425,800,800,0
2023/09/13/15:38:28.521296,5171,0,0,,0.40072044,0.45313324,-0.0006173,-0.0023468,800,800,0
2023/09/13/15:38:28.531287,5172,0,0,,0.40072048,0.45313246,-0.0179276,-0.0025864,800,800,0
2023/09/13/15:38:28.541235,5173,0,0,,0.40072107,0.45313258,-0.0185091,-0.0018961,800,800,0
2023/09/13/15:38:28.551400,5174,0,0,,0.40072491,0.45313338,-0.0197973,-0.0016801,800,800,0
2023/09/13/15:38:28.561691,5175,0,0,,0.40072461,0.45313318,-0.0491797,-0.0001276,800,800,0
2023/09/13/15:38:28.570936,5176,0,0,,0.40072661,0.45313342,-0.0868259,0.000211,800,800,0
2023/09/13/15:38:28.581367,5177,0,0,,0.40072367,0.45313362,-0.0981193,0.00012612,800,800,0
2023/09/13/15:38:28.590934,5178,0,0,,0.40072267,0.45313241,-0.1275164,-0.0006971,800,800,0
2023/09/13/15:38:28.600985,5179,0,0,,0.4007218,0.45313343,-0.1145854,-0.0011599,800,800,0
2023/09/13/15:38:28.611071,5180,0,0,,0.40072121,0.45313233,-0.1287482,-0.0019708,800,800,0
2023/09/13/15:38:28.621592,5181,0,0,,0.40071997,0.45313219,-0.1062399,-0.002619,800,800,0
2023/09/13/15:38:28.631428,5182,0,0,,0.40071995,0.45313331,-0.1303007,-0.003123,800,800,0
2023/09/13/15:38:28.641630,5183,0,0,,0.40072137,0.4531343,-0.103665,-0.0025682,800,800,0
2023/09/13/15:38:28.651219,5184,0,0,,0.40072001,0.45313287,-0.0857147,-0.0023613,800,800,0
2023/09/13/15:38:28.661090,5185,0,0,,0.40072114,0.45313256,-0.1037593,-0.003581,800,800,0
2023/09/13/15:38:28.671386,5186,0,0,,0.40072366,0.45313332,-0.1064583,-0.0039818,800,800,0
2023/09/13/15:38:28.681697,5187,0,0,,0.4007247,0.45313226,-0.1225453,-0.0034654,800,800,0
2023/09/13/15:38:28.692062,5188,0,0,,0.40072483,0.45313471,-0.1064226,-0.0045559,800,800,0
2023/09/13/15:38:28.701104,5189,0,0,,0.40072462,0.45313409,-0.1350505,-0.0046802,800,800,0
2023/09/13/15:38:28.711557,5190,0,0,,0.40072607,0.45313268,-0.159358,-0.0034654,800,800,0
2023/09/13/15:38:28.721226,5191,0,0,,0.40072293,0.45313389,-0.1563898,-0.0040617,800,800,0
2023/09/13/15:38:28.730916,5192,0,0,,0.40072346,0.45313346,-0.1749155,-0.0042069,800,800,0
2023/09/13/15:38:28.741003,5193,0,0,,0.40072159,0.45313348,-0.1540843,-0.0028226,800,800,0
2023/09/13/15:38:28.751502,5194,0,0,,0.40072509,0.45313241,-0.1511317,-0.0031443,800,800,0
2023/09/13/15:38:28.761263,5195,0,0,,0.40072394,0.45313343,-0.1227877,-0.0039434,800,800,0
2023/09/13/15:38:28.771409,5196,0,0,,0.40072344,0.45313268,-0.1154371,-0.0031385,800,800,0
2023/09/13/15:38:28.781003,5197,0,0,,0.4007228,0.45313337,-0.1270036,-0.0028605,800,800,0
2023/09/13/15:38:28.791640,5198,0,0,,0.40072217,0.45313367,-0.1084706,-0.0030067,800,800,0
2023/09/13/15:38:28.801533,5199,0,0,,0.40072432,0.4531336,-0.1067639,-0.0032043,800,800,0
2023/09/13/15:38:28.811404,5200,0,0,,0.40072298,0.45313331,-0.1191487,-0.0029895,800,800,0
2023/09/13/15:38:28.821266,5201,0,0,,0.40072206,0.45313305,-0.1531939,-0.0027602,800,800,0
2023/09/13/15:38:28.831375,5202,0,0,,0.40072251,0.45313215,-0.1621811,-0.0028033,800,800,0
2023/09/13/15:38:28.841218,5203,0,0,,0.4007238,0.45313153,-0.1526079,-0.0029075,800,800,0
2023/09/13/15:38:28.851542,5204,0,0,,0.4007232,0.45313385,-0.1429903,-0.0013232,800,800,0
2023/09/13/15:38:28.861013,5205,0,0,,0.40072237,0.45313292,-0.1495521,-0.0018609,800,800,0
2023/09/13/15:38:28.871161,5206,0,0,,0.40071941,0.45313333,-0.1223388,-0.002511,800,800,0
2023/09/13/15:38:28.881055,5207,0,0,,0.40072437,0.45313379,-0.1330228,-0.0029578,800,800,0
2023/09/13/15:38:28.891105,5208,0,0,,0.40072213,0.45313333,-0.1333073,-0.0030248,800,800,0
2023/09/13/15:38:28.901206,5209,0,0,,0.40072026,0.45313413,-0.11547,-0.0042069,800,800,0
2023/09/13/15:38:28.910983,5210,0,0,,0.40072503,0.45313335,-0.1285722,-0.0034373,800,800,0
2023/09/13/15:38:28.921066,5211,0,0,,0.40072148,0.45313422,-0.1388041,-0.0033262,800,800,0
2023/09/13/15:38:28.930915,5212,0,0,,0.40072382,0.45313354,-0.1494108,-0.002203,800,800,0
2023/09/13/15:38:28.941657,5213,0,0,,0.4007216,0.45313288,-0.1326549,-0.0015771,800,800,0
2023/09/13/15:38:28.951606,5214,0,0,,0.40072512,0.45313266,-0.1302491,-0.001307,800,800,0
2023/09/13/15:38:28.961291,5215,0,0,,0.40071866,0.45313131,-0.1362395,-0.0015762,800,800,0
2023/09/13/15:38:28.971430,5216,0,0,,0.40072273,0.45313253,-0.1253105,-0.001754,800,800,0
2023/09/13/15:38:28.982810,5217,0,0,,0.40072315,0.45313321,-0.1593123,-0.0020647,800,800,0
2023/09/13/15:38:28.990911,5218,0,0,,0.4007238,0.45313262,-0.1548534,-0.0015984,800,800,0
2023/09/13/15:38:29.001397,5219,0,0,,0.40072314,0.45313347,-0.1630109,-0.0019455,800,800,0
2023/09/13/15:38:29.011241,5220,0,0,,0.40072511,0.45313316,-0.1623215,-0.0016901,800,800,0
2023/09/13/15:38:29.021381,5221,0,0,,0.400721,0.4531338,-0.1369989,-0.0015216,800,800,0
2023/09/13/15:38:29.031106,5222,0,0,,0.40072362,0.45313271,-0.1378777,-0.0012515,800,800,0
2023/09/13/15:38:29.041334,5223,0,0,,0.40072335,0.45313223,-0.138912,-0.0008323,800,800,0
2023/09/13/15:38:29.051192,5224,0,0,,0.40072212,0.45313232,-0.1379536,-0.0006638,800,800,0
2023/09/13/15:38:29.061332,5225,0,0,,0.400723,0.45313253,-0.1490585,6.41E-05,800,800,0
2023/09/13/15:38:29.071130,5226,0,0,,0.40072376,0.45313345,-0.1427974,0.00166869,800,800,0
2023/09/13/15:38:29.081505,5227,0,0,,0.40071894,0.45313246,-0.1393425,0.0013721,800,800,0
2023/09/13/15:38:29.090941,5228,0,0,,0.4007215,0.45313333,-0.1302932,0.00045061,800,800,0
2023/09/13/15:38:29.101368,5229,0,0,,0.40072083,0.45313395,-0.1250946,0.00034022,800,800,0
2023/09/13/15:38:29.111417,5230,0,0,,0.40072206,0.45313361,-0.1107489,9.23E-05,800,800,0
2023/09/13/15:38:29.121184,5231,0,0,,0.40072105,0.45313245,-0.103373,-0.0012238,800,800,0
2023/09/13/15:38:29.131479,5232,0,0,,0.40072224,0.45313283,-0.1091114,-0.0017095,800,800,0
2023/09/13/15:38:29.141182,5233,0,0,,0.40072418,0.45313299,-0.1029653,-0.0014219,800,800,0
2023/09/13/15:38:29.151359,5234,0,0,,0.40072377,0.45313267,-0.1084743,-0.0018079,800,800,0
2023/09/13/15:38:29.161409,5235,0,0,,0.40072293,0.45313259,-0.0998623,-0.0022881,800,800,0
2023/09/13/15:38:29.171612,5236,0,0,,0.40072279,0.45313364,-0.1430707,-0.001734,800,800,0
2023/09/13/15:38:29.181402,5237,0,0,,0.40072193,0.45313333,-0.1504307,-0.0019977,800,800,0
2023/09/13/15:38:29.190997,5238,0,0,,0.40072397,0.45313371,-0.1479956,-0.0025275,800,800,0
2023/09/13/15:38:29.201633,5239,0,0,,0.40071829,0.45313272,-0.122305,-0.0028033,800,800,0
2023/09/13/15:38:29.211488,5240,0,0,,0.40072191,0.4531327,-0.1567397,-0.0030015,800,800,0
2023/09/13/15:38:29.221306,5241,0,0,,0.40072076,0.45313344,-0.1438723,-0.0032241,800,800,0
2023/09/13/15:38:29.231382,5242,0,0,,0.40071998,0.45313272,-0.1421978,-0.0032101,800,800,0
2023/09/13/15:38:29.241070,5243,0,0,,0.40071856,0.45313353,-0.0890396,-0.001982,800,800,0
2023/09/13/15:38:29.251385,5244,0,0,,0.40072388,0.45313414,-0.1047157,-0.0017679,800,800,0
2023/09/13/15:38:29.261018,5245,0,0,,0.40072323,0.45313375,-0.1022113,-0.0025983,800,800,0
2023/09/13/15:38:29.271671,5246,0,0,,0.40072423,0.45313381,-0.1024857,-0.0025098,800,800,0
2023/09/13/15:38:29.281284,5247,0,0,,0.40072269,0.45313363,-0.1119988,-0.0021212,800,800,0
2023/09/13/15:38:29.291261,5248,0,0,,0.40072201,0.45313403,-0.1382891,-0.0029063,800,800,0
2023/09/13/15:38:29.301319,5249,0,0,,0.40072576,0.45313347,-0.1631706,-0.002636,800,800,0
2023/09/13/15:38:29.311517,5250,0,0,,0.40072194,0.45313308,-0.1520184,-0.0019672,800,800,0
2023/09/13/15:38:29.321473,5251,0,0,,0.40072319,0.45313264,-0.1707228,-0.0018394,800,800,0
2023/09/13/15:38:29.331061,5252,0,0,,0.40072012,0.45313273,-0.1548688,-0.0018902,800,800,0
2023/09/13/15:38:29.341071,5253,0,0,,0.40072453,0.45313319,-0.1286943,-0.0018051,800,800,0
2023/09/13/15:38:29.351206,5254,0,0,,0.40072267,0.45313302,-0.1421865,-0.0012932,800,800,0
2023/09/13/15:38:29.361329,5255,0,0,,0.40072507,0.4531332,-0.108711,-0.0009468,800,800,0
2023/09/13/15:38:29.371546,5256,0,0,,0.4007218,0.45313394,-0.1338677,0.00041747,800,800,0
2023/09/13/15:38:29.381427,5257,0,0,,0.40072353,0.45313345,-0.1362989,0.00015998,800,800,0
2023/09/13/15:38:29.391300,5258,0,0,,0.40072289,0.45313207,-0.1281571,-0.0006807,800,800,0
2023/09/13/15:38:29.401268,5259,0,0,,0.40072672,0.45313271,-0.1737624,-0.0013552,800,800,0
2023/09/13/15:38:29.411812,5260,0,0,,0.40072409,0.4531331,-0.1482739,-0.0011501,800,800,0
2023/09/13/15:38:29.421496,5261,0,0,,0.40072447,0.45313377,-0.1543312,-0.0019538,800,800,0
2023/09/13/15:38:29.431334,5262,0,0,,0.40072077,0.45313284,-0.1297114,-0.0012956,800,800,0
2023/09/13/15:38:29.441386,5263,0,0,,0.4007228,0.4531332,-0.1511323,0.00011945,800,800,0
2023/09/13/15:38:29.451085,5264,0,0,,0.40072448,0.45313408,-0.1435798,0.00129199,800,800,0
2023/09/13/15:38:29.461290,5265,0,0,,0.40072232,0.45313292,-0.1084967,0.00072598,800,800,0
2023/09/13/15:38:29.471266,5266,0,0,,0.40072261,0.45313327,-0.121541,-0.0001681,800,800,0
2023/09/13/15:38:29.481141,5267,0,0,,0.4007212,0.45313228,-0.1199795,-0.0010376,800,800,0
2023/09/13/15:38:29.491282,5268,0,0,,0.40071987,0.45313385,-0.08911,-0.0019715,800,800,0
2023/09/13/15:38:29.501358,5269,0,0,,0.40072365,0.45313379,-0.1034332,-0.0029073,800,800,0
2023/09/13/15:38:29.510966,5270,0,0,,0.40072354,0.453133,-0.1101039,-0.0015581,800,800,0
2023/09/13/15:38:29.520931,5271,0,0,,0.40072379,0.45313257,-0.1340004,-0.0017419,800,800,0
2023/09/13/15:38:29.531066,5272,0,0,,0.40072137,0.45313513,-0.1498545,-0.0012507,800,800,0
2023/09/13/15:38:29.541215,5273,0,0,,0.40072225,0.45313311,-0.1753382,-0.0010488,800,800,0
2023/09/13/15:38:29.551392,5274,0,0,,0.40072375,0.45313233,-0.1651042,-0.0010839,800,800,0
2023/09/13/15:38:29.561207,5275,0,0,,0.40072343,0.45313275,-0.1490349,-0.0012133,800,800,0
2023/09/13/15:38:29.571209,5276,0,0,,0.40072056,0.45313221,-0.1405952,-0.0003166,800,800,0
2023/09/13/15:38:29.581720,5277,0,0,,0.40072425,0.45313297,-0.1485628,-0.0004511,800,800,0
2023/09/13/15:38:29.591375,5278,0,0,,0.40072268,0.45313414,-0.1198498,-0.0005269,800,800,0
2023/09/13/15:38:29.601575,5279,0,0,,0.40072402,0.45313279,-0.1220884,0.00071144,800,800,0
2023/09/13/15:38:29.611531,5280,0,0,,0.40072133,0.45313323,-0.1523117,0.00051427,800,800,0
2023/09/13/15:38:29.621549,5281,0,0,,0.40072259,0.45313444,-0.1267099,0.00036454,800,800,0
2023/09/13/15:38:29.631251,5282,0,0,,0.4007228,0.45313367,-0.1373288,0.0014534,800,800,0
2023/09/13/15:38:29.641186,5283,0,0,,0.40072501,0.45313273,-0.1292179,0.00150585,800,800,0
2023/09/13/15:38:29.652993,5284,0,0,,0.4007238,0.45313313,-0.1076229,0.00093675,800,800,0
2023/09/13/15:38:29.661169,5285,0,0,,0.40072473,0.45313415,-0.1547297,0.00039768,800,800,0
2023/09/13/15:38:29.671277,5286,0,0,,0.4007251,0.45313347,-0.1373444,6.99E-05,800,800,0
2023/09/13/15:38:29.681553,5287,0,0,,0.4007241,0.45313361,-0.1319996,-0.0004227,800,800,0
2023/09/13/15:38:29.691373,5288,0,0,,0.40072037,0.45313279,-0.1494374,-6.29E-05,800,800,0
2023/09/13/15:38:29.701110,5289,0,0,,0.40072331,0.45313285,-0.1416829,-8.82E-05,800,800,0
2023/09/13/15:38:29.711183,5290,0,0,,0.40072201,0.45313318,-0.1189103,-0.0003417,800,800,0
2023/09/13/15:38:29.722157,5291,0,0,,0.40072389,0.45313299,-0.1411965,7.70E-05,800,800,0
2023/09/13/15:38:29.731565,5292,0,0,,0.40072332,0.45313341,-0.1270563,-0.0001495,800,800,0
2023/09/13/15:38:29.741162,5293,0,0,,0.40072334,0.45313302,-0.1392028,-0.000572,800,800,0
2023/09/13/15:38:29.750966,5294,0,0,,0.40072322,0.45313405,-0.1347055,-0.000493,800,800,0
2023/09/13/15:38:29.761012,5295,0,0,,0.4007222,0.45313278,-0.1322112,-0.0008211,800,800,0
2023/09/13/15:38:29.770958,5296,0,0,,0.40072311,0.45313367,-0.1468932,-0.000361,800,800,0
2023/09/13/15:38:29.781498,5297,0,0,,0.40072391,0.45313362,-0.1249828,0.00051689,800,800,0
2023/09/13/15:38:29.791266,5298,0,0,,0.40072167,0.45313337,-0.1371921,0.00114083,800,800,0
2023/09/13/15:38:29.802396,5299,0,0,,0.40072305,0.45313353,-0.1182516,0.0010159,800,800,0
2023/09/13/15:38:29.811118,5300,0,0,,0.40072056,0.45313243,-0.1186669,0.00137711,800,800,0
2023/09/13/15:38:29.821153,5301,0,0,,0.4007215,0.45313355,-0.1380696,0.00082231,800,800,0
2023/09/13/15:38:29.830991,5302,0,0,,0.40072357,0.45313369,-0.1073304,0.00103617,800,800,0
2023/09/13/15:38:29.842493,5303,0,0,,0.40072214,0.45313367,-0.1225126,0.00121951,800,800,0
2023/09/13/15:38:29.851544,5304,0,0,,0.40072337,0.45313284,-0.1196345,0.00126004,800,800,0
2023/09/13/15:38:29.861327,5305,0,0,,0.40072243,0.45313368,-0.1184651,0.00242352,800,800,0
2023/09/13/15:38:29.871201,5306,0,0,,0.40072467,0.45313276,-0.0960663,0.00270343,800,800,0
2023/09/13/15:38:29.882379,5307,0,0,,0.40072423,0.4531339,-0.1138357,0.00174475,800,800,0
2023/09/13/15:38:29.891323,5308,0,0,,0.40072366,0.45313289,-0.1425344,0.00143456,800,800,0
2023/09/13/15:38:29.901055,5309,0,0,,0.40072857,0.45313409,-0.1430575,0.00099349,800,800,0
2023/09/13/15:38:29.911204,5310,0,0,,0.40072317,0.45313363,-0.1355307,0.00022745,800,800,0
2023/09/13/15:38:29.921067,5311,0,0,,0.40072044,0.45313384,-0.1535417,-0.0006635,800,800,0
2023/09/13/15:38:29.931371,5312,0,0,,0.40072231,0.45313308,-0.1364395,-0.0013146,800,800,0
2023/09/13/15:38:29.941373,5313,0,0,,0.40072185,0.45313232,-0.1364917,-0.0027609,800,800,0
2023/09/13/15:38:29.951561,5314,0,0,,0.40072398,0.45313235,-0.1254401,-0.0027041,800,800,0
2023/09/13/15:38:29.961439,5315,0,0,,0.40072172,0.45313243,-0.1270563,-0.0026109,800,800,0
2023/09/13/15:38:29.971168,5316,0,0,,0.40072169,0.45313257,-0.1090307,-0.0017803,800,800,0
2023/09/13/15:38:29.981172,5317,0,0,,0.4007226,0.45313312,-0.1101967,-0.0008922,800,800,0
2023/09/13/15:38:29.991197,5318,0,0,,0.4007232,0.45313344,-0.0947764,-0.0003388,800,800,0
2023/09/13/15:38:30.001768,5319,0,0,,0.4007222,0.45313301,-0.0892341,-0.0005026,800,800,0
2023/09/13/15:38:30.011552,5320,0,0,,0.40072298,0.45313424,-0.1045569,-0.0014665,800,800,0
2023/09/13/15:38:30.021133,5321,0,0,,0.40072314,0.45313325,-0.0884552,-0.001982,800,800,0
2023/09/13/15:38:30.031212,5322,0,0,,0.40072435,0.4531328,-0.1261883,-0.002274,800,800,0
2023/09/13/15:38:30.041056,5323,0,0,,0.40072413,0.45313259,-0.105895,-0.0012419,800,800,0
2023/09/13/15:38:30.051036,5324,0,0,,0.40072338,0.45313343,-0.110629,-0.0005283,800,800,0
2023/09/13/15:38:30.061481,5325,0,0,,0.40072406,0.45313436,-0.1326153,0.00028443,800,800,0
2023/09/13/15:38:30.071271,5326,0,0,,0.40071982,0.45313276,-0.1170509,0.00045657,800,800,0
2023/09/13/15:38:30.081203,5327,0,0,,0.40072444,0.45313234,-0.1246678,0.00029111,800,800,0
2023/09/13/15:38:30.091226,5328,0,0,,0.40072288,0.45313363,-0.0998031,-0.0008276,800,800,0
2023/09/13/15:38:30.101232,5329,0,0,,0.400727,0.45313408,-0.1027974,-0.0008967,800,800,0
2023/09/13/15:38:30.111542,5330,0,0,,0.40072168,0.45313264,-0.1048276,-0.0012794,800,800,0
2023/09/13/15:38:30.120855,5331,0,0,,0.40072385,0.45313379,-0.1168108,-0.0017588,800,800,0
2023/09/13/15:38:30.132488,5332,0,0,,0.40072387,0.45313319,-0.1175034,-0.0021129,800,800,0
2023/09/13/15:38:30.140954,5333,0,0,,0.40072316,0.45313161,-0.120273,-0.0012331,800,800,0
2023/09/13/15:38:30.151259,5334,0,0,,0.40072509,0.45313363,-0.1040853,-0.0011175,800,800,0
2023/09/13/15:38:30.163455,5335,0,0,,0.40072271,0.45313327,-0.123484,-0.001508,800,800,0
2023/09/13/15:38:30.171123,5336,0,0,,0.40072221,0.45313285,-0.1111374,-0.0018227,800,800,0
2023/09/13/15:38:30.181133,5337,0,0,,0.40072148,0.45313245,-0.1193539,-0.0016568,800,800,0
2023/09/13/15:38:30.190994,5338,0,0,,0.40072292,0.45313213,-0.0929898,-0.0017927,800,800,0
2023/09/13/15:38:30.201181,5339,0,0,,0.40072464,0.45313397,-0.12608,-0.0020137,800,800,0
2023/09/13/15:38:30.211323,5340,0,0,,0.40072284,0.45313444,-0.088981,-0.0009234,800,800,0
2023/09/13/15:38:30.221322,5341,0,0,,0.40072337,0.45313297,-0.1017591,-0.0005527,800,800,0
2023/09/13/15:38:30.231208,5342,0,0,,0.40072429,0.45313314,-0.1018769,0.00044227,800,800,0
2023/09/13/15:38:30.240978,5343,0,0,,0.40072292,0.45313343,-0.1168866,0.00080037,800,800,0
2023/09/13/15:38:30.251373,5344,0,0,,0.40072113,0.45313261,-0.1250839,0.0005095,800,800,0
2023/09/13/15:38:30.261148,5345,0,0,,0.40072183,0.45313345,-0.1029115,0.00060368,800,800,0
2023/09/13/15:38:30.271356,5346,0,0,,0.40072076,0.45313374,-0.0940763,-0.0005214,800,800,0
2023/09/13/15:38:30.281229,5347,0,0,,0.40072184,0.45313276,-0.1045896,-0.0016525,800,800,0
2023/09/13/15:38:30.291358,5348,0,0,,0.40072214,0.45313268,-0.1074407,-0.0029535,800,800,0
2023/09/13/15:38:30.301304,5349,0,0,,0.40072358,0.45313345,-0.1076075,-0.0020771,800,800,0
2023/09/13/15:38:30.311752,5350,0,0,,0.40072337,0.45313243,-0.0829311,-0.0014555,800,800,0
2023/09/13/15:38:30.322414,5351,0,0,,0.40072257,0.45313148,-0.1034653,-0.0001047,800,800,0
2023/09/13/15:38:30.331241,5352,0,0,,0.40072087,0.45313221,-0.1043324,5.48E-05,800,800,0
2023/09/13/15:38:30.341101,5353,0,0,,0.40072269,0.45313367,-0.1070167,-0.0004065,800,800,0
2023/09/13/15:38:30.351976,5354,0,0,,0.40072175,0.4531334,-0.0886978,-0.0007701,800,800,0
2023/09/13/15:38:30.361368,5355,0,0,,0.40072287,0.45313375,-0.0866007,-0.0016809,800,800,0
2023/09/13/15:38:30.371275,5356,0,0,,0.40072332,0.45313384,-0.1065343,-0.001591,800,800,0
2023/09/13/15:38:30.381246,5357,0,0,,0.40072273,0.45313191,-0.0844151,-0.0010564,800,800,0
2023/09/13/15:38:30.391148,5358,0,0,,0.40072253,0.45313295,-0.1243254,-0.0011311,800,800,0
2023/09/13/15:38:30.401442,5359,0,0,,0.40072282,0.45313308,-0.1124182,-0.0017185,800,800,0
2023/09/13/15:38:30.411683,5360,0,0,,0.40072267,0.45313227,-0.09703,-0.0016541,800,800,0
2023/09/13/15:38:30.421250,5361,0,0,,0.4007227,0.45313301,-0.0971334,-0.0017076,800,800,0
2023/09/13/15:38:30.431007,5362,0,0,,0.40072167,0.45313351,-0.1060413,-0.0016716,800,800,0
2023/09/13/15:38:30.441058,5363,0,0,,0.40072357,0.45313329,-0.0926317,-0.0004506,800,800,0
2023/09/13/15:38:30.451975,5364,0,0,,0.40072338,0.45313196,-0.1210481,0.00061655,800,800,0
2023/09/13/15:38:30.461271,5365,0,0,,0.40072368,0.45313258,-0.1022017,0.000386,800,800,0
2023/09/13/15:38:30.471142,5366,0,0,,0.40072206,0.45313278,-0.1018051,-0.0003633,800,800,0
2023/09/13/15:38:30.482179,5367,0,0,,0.40072488,0.45313293,-0.1109046,-0.0012581,800,800,0
2023/09/13/15:38:30.492639,5368,0,0,,0.40072144,0.45313277,-0.0918359,-0.0001333,800,800,0
2023/09/13/15:38:30.500987,5369,0,0,,0.40072407,0.45313359,-0.0985801,-0.0012178,800,800,0
2023/09/13/15:38:30.511289,5370,0,0,,0.40072325,0.45313378,-0.1016892,-0.0013766,800,800,0
2023/09/13/15:38:30.521232,5371,0,0,,0.40072263,0.4531336,-0.1061851,-0.0004773,800,800,0
2023/09/13/15:38:30.531283,5372,0,0,,0.40072253,0.45313236,-0.1088134,0.00053811,800,800,0
2023/09/13/15:38:30.542212,5373,0,0,,0.40072467,0.45313308,-0.1231572,-0.0002129,800,800,0
2023/09/13/15:38:30.551478,5374,0,0,,0.40072234,0.45313306,-0.1096954,4.46E-05,800,800,0
2023/09/13/15:38:30.561341,5375,0,0,,0.40072393,0.45313271,-0.1209855,0.0005393,800,800,0
2023/09/13/15:38:30.571802,5376,0,0,,0.40072354,0.45313222,-0.1284461,0.0014565,800,800,0
2023/09/13/15:38:30.581206,5377,0,0,,0.40072237,0.45313236,-0.1319444,0.00157738,800,800,0
2023/09/13/15:38:30.591338,5378,0,0,,0.40072476,0.45313276,-0.1319621,0.00173163,800,800,0
2023/09/13/15:38:30.601311,5379,0,0,,0.40072001,0.45313149,-0.129793,0.00171757,800,800,0
2023/09/13/15:38:30.611548,5380,0,0,,0.4007227,0.45313306,-0.1203372,0.00109839,800,800,0
2023/09/13/15:38:30.621211,5381,0,0,,0.40072234,0.45313361,-0.15554,0.00106478,800,800,0
2023/09/13/15:38:30.632392,5382,0,0,,0.40071967,0.45313331,-0.1317852,0.00072336,800,800,0
2023/09/13/15:38:30.641134,5383,0,0,,0.40072288,0.45313363,-0.1235532,0.00094438,800,800,0
2023/09/13/15:38:30.651550,5384,0,0,,0.40072321,0.45313367,-0.1252111,0.00121713,800,800,0
2023/09/13/15:38:30.661541,5385,0,0,,0.40072349,0.45313356,-0.1008927,0.00188541,800,800,0
2023/09/13/15:38:30.671183,5386,0,0,,0.40072066,0.45313147,-0.1173979,0.00158691,800,800,0
2023/09/13/15:38:30.681530,5387,0,0,,0.4007256,0.45313304,-0.0991379,0.00211668,800,800,0
2023/09/13/15:38:30.691302,5388,0,0,,0.40072338,0.45313196,-0.0903253,0.00157046,800,800,0
2023/09/13/15:38:30.701386,5389,0,0,,0.40072552,0.45313248,-0.119878,0.00142145,800,800,0
2023/09/13/15:38:30.711535,5390,0,0,,0.40072449,0.45313413,-0.1064096,0.00141048,800,800,0
2023/09/13/15:38:30.721018,5391,0,0,,0.40072549,0.45313336,-0.1403165,0.00084496,800,800,0
2023/09/13/15:38:30.730982,5392,0,0,,0.40072568,0.45313348,-0.1252025,0.00050664,800,800,0
2023/09/13/15:38:30.741328,5393,0,0,,0.4007226,0.45313277,-0.1203748,0.00043845,800,800,0
2023/09/13/15:38:30.752126,5394,0,0,,0.40072411,0.45313303,-0.1311256,-0.0002422,800,800,0
2023/09/13/15:38:30.761202,5395,0,0,,0.40072494,0.45313218,-0.1362773,-0.0006526,800,800,0
2023/09/13/15:38:30.771360,5396,0,0,,0.40072555,0.45313304,-0.1253772,-2.79E-05,800,800,0
2023/09/13/15:38:30.781391,5397,0,0,,0.40072099,0.453134,-0.1122828,-0.000283,800,800,0
2023/09/13/15:38:30.791195,5398,0,0,,0.4007232,0.45313185,-0.1317655,-7.44E-05,800,800,0
2023/09/13/15:38:30.801603,5399,0,0,,0.40072007,0.45313316,-0.137763,0.00164104,800,800,0
2023/09/13/15:38:30.811399,5400,0,0,,0.40072422,0.45313312,-0.1225016,0.0024724,800,800,0
2023/09/13/15:38:30.821163,5401,0,0,,0.4007234,0.45313213,-0.1394201,0.00268078,800,800,0
2023/09/13/15:38:30.831363,5402,0,0,,0.4007215,0.4531338,-0.1239905,0.00343919,800,800,0
2023/09/13/15:38:30.840972,5403,0,0,,0.40072486,0.45313339,-0.1356414,0.00352526,800,800,0
2023/09/13/15:38:30.851343,5404,0,0,,0.40072459,0.45313275,-0.139474,0.00359201,800,800,0
2023/09/13/15:38:30.861258,5405,0,0,,0.40072459,0.45313243,-0.1078279,0.00276899,800,800,0
2023/09/13/15:38:30.871609,5406,0,0,,0.4007227,0.4531329,-0.115482,0.00184226,800,800,0
2023/09/13/15:38:30.881494,5407,0,0,,0.4007218,0.45313273,-0.0973434,0.00252414,800,800,0
2023/09/13/15:38:30.891461,5408,0,0,,0.400723,0.45313386,-0.1206914,0.00224233,800,800,0
2023/09/13/15:38:30.901004,5409,0,0,,0.40072304,0.45313302,-0.1059257,0.00099111,800,800,0
2023/09/13/15:38:30.911059,5410,0,0,,0.40072202,0.45313428,-0.1125282,0.00157881,800,800,0
2023/09/13/15:38:30.921534,5411,0,0,,0.40072177,0.45313251,-0.1401783,0.00150585,800,800,0
2023/09/13/15:38:30.932174,5412,0,0,,0.40072117,0.45313401,-0.1328421,0.00038266,800,800,0
2023/09/13/15:38:30.940975,5413,0,0,,0.40072329,0.45313228,-0.1378474,0.00142646,800,800,0
2023/09/13/15:38:30.950975,5414,0,0,,0.40072394,0.45313366,-0.1278184,0.00230527,800,800,0
2023/09/13/15:38:30.961164,5415,0,0,,0.40072028,0.4531324,-0.1419061,0.00261545,800,800,0
2023/09/13/15:38:30.971143,5416,0,0,,0.40072156,0.45313332,-0.124066,0.00318098,800,800,0
2023/09/13/15:38:30.981613,5417,0,0,,0.40072257,0.45313315,-0.1360383,0.00284886,800,800,0
2023/09/13/15:38:30.991277,5418,0,0,,0.40071931,0.45313298,-0.1147416,0.00128579,800,800,0
2023/09/13/15:38:31.001625,5419,0,0,,0.40071998,0.4531326,-0.1264424,0.00095868,800,800,0
2023/09/13/15:38:31.011326,5420,0,0,,0.40072378,0.4531325,-0.1442041,0.00055289,800,800,0
2023/09/13/15:38:31.022763,5421,0,0,,0.40072422,0.45313341,-0.1084599,-0.0004473,800,800,0
2023/09/13/15:38:31.031277,5422,0,0,,0.40072058,0.45313361,-0.1183715,-0.0006719,800,800,0
2023/09/13/15:38:31.041217,5423,0,0,,0.40072322,0.45313349,-0.1070991,0.00010467,800,800,0
2023/09/13/15:38:31.051193,5424,0,0,,0.40072032,0.45313425,-0.1103511,-8.87E-05,800,800,0
2023/09/13/15:38:31.061448,5425,0,0,,0.40072597,0.45313139,-0.1308801,0.00034189,800,800,0
2023/09/13/15:38:31.071128,5426,0,0,,0.40072432,0.45313222,-0.1145709,0.00037122,800,800,0
2023/09/13/15:38:31.083234,5427,0,0,,0.40072371,0.45313411,-0.1366141,0.00088811,800,800,0
2023/09/13/15:38:31.091198,5428,0,0,,0.4007228,0.45313339,-0.1001176,0.00091529,800,800,0
2023/09/13/15:38:31.101088,5429,0,0,,0.40072418,0.45313436,-0.1268569,0.0016458,800,800,0
2023/09/13/15:38:31.111124,5430,0,0,,0.40072492,0.45313244,-0.1083806,0.00110745,800,800,0
2023/09/13/15:38:31.121469,5431,0,0,,0.40072287,0.45313216,-0.1146244,0.00215578,800,800,0
2023/09/13/15:38:31.131538,5432,0,0,,0.40072163,0.45313329,-0.1218739,0.00220561,800,800,0
2023/09/13/15:38:31.141093,5433,0,0,,0.40072167,0.4531328,-0.1169957,0.00145769,800,800,0
2023/09/13/15:38:31.150998,5434,0,0,,0.40072365,0.45313395,-0.119845,0.00042534,800,800,0
2023/09/13/15:38:31.161500,5435,0,0,,0.40072315,0.45313339,-0.1090914,0.0004425,800,800,0
2023/09/13/15:38:31.171014,5436,0,0,,0.40072292,0.45313261,-0.1241306,0.00021434,800,800,0
2023/09/13/15:38:31.180984,5437,0,0,,0.40072301,0.45313347,-0.1215623,-0.0007687,800,800,0
2023/09/13/15:38:31.191243,5438,0,0,,0.40072523,0.4531333,-0.1035746,-2.26E-05,800,800,0
2023/09/13/15:38:31.201136,5439,0,0,,0.40072461,0.4531326,-0.0931229,0.00059295,800,800,0
2023/09/13/15:38:31.211101,5440,0,0,,0.40072311,0.45313263,-0.114565,8.25E-05,800,800,0
2023/09/13/15:38:31.221292,5441,0,0,,0.40072122,0.45313352,-0.1259393,0.00056434,800,800,0
2023/09/13/15:38:31.231133,5442,0,0,,0.40072326,0.45313403,-0.0995081,0.00142217,800,800,0
2023/09/13/15:38:31.241303,5443,0,0,,0.40072212,0.45313351,-0.1188123,0.0009706,800,800,0
2023/09/13/15:38:31.251876,5444,0,0,,0.40072483,0.45313354,-0.1018903,0.00030255,800,800,0
2023/09/13/15:38:31.261875,5445,0,0,,0.40072326,0.45313288,-0.0938869,0.00203872,800,800,0
2023/09/13/15:38:31.271006,5446,0,0,,0.40072283,0.45313307,-0.1092325,0.00236034,800,800,0
2023/09/13/15:38:31.282005,5447,0,0,,0.40072284,0.45313429,-0.0855778,0.00281668,800,800,0
2023/09/13/15:38:31.291088,5448,0,0,,0.40072267,0.45313273,-0.1244548,0.00305867,800,800,0
2023/09/13/15:38:31.301119,5449,0,0,,0.40072153,0.45313295,-0.1064826,0.00342989,800,800,0
2023/09/13/15:38:31.311229,5450,0,0,,0.4007217,0.4531326,-0.0781241,0.00243139,800,800,0
2023/09/13/15:38:31.321304,5451,0,0,,0.40072423,0.45313325,-0.1112057,0.00052834,800,800,0
2023/09/13/15:38:31.331248,5452,0,0,,0.40072101,0.45313367,-0.100934,0.00050998,800,800,0
2023/09/13/15:38:31.341789,5453,0,0,,0.40072363,0.45313296,-0.0840682,0.00044203,800,800,0
2023/09/13/15:38:31.351404,5454,0,0,,0.40072275,0.45313221,-0.0971819,0.00057101,800,800,0
2023/09/13/15:38:31.361245,5455,0,0,,0.40072464,0.45313335,-0.0929428,0.00077868,800,800,0
2023/09/13/15:38:31.371192,5456,0,0,,0.40072232,0.45313309,-0.0994663,0.00132966,800,800,0
2023/09/13/15:38:31.381121,5457,0,0,,0.40072209,0.45313415,-0.1176237,0.00027251,800,800,0
2023/09/13/15:38:31.391078,5458,0,0,,0.40072487,0.45313281,-0.1186046,-0.0007234,800,800,0
2023/09/13/15:38:31.401609,5459,0,0,,0.40072223,0.45313337,-0.0863758,-0.0014415,800,800,0
2023/09/13/15:38:31.411221,5460,0,0,,0.40072182,0.45313226,-0.1271672,-0.0020628,800,800,0
2023/09/13/15:38:31.421279,5461,0,0,,0.4007219,0.4531329,-0.1070318,-0.0013919,800,800,0
2023/09/13/15:38:31.431150,5462,0,0,,0.40072278,0.45313215,-0.1096429,-0.0009468,800,800,0
2023/09/13/15:38:31.441280,5463,0,0,,0.40072186,0.45313398,-0.1240369,4.41E-05,800,800,0
2023/09/13/15:38:31.451679,5464,0,0,,0.40072222,0.45313314,-0.1129858,0.00068569,800,800,0
2023/09/13/15:38:31.461204,5465,0,0,,0.40071981,0.45313213,-0.1207826,0.00164437,800,800,0
2023/09/13/15:38:31.471139,5466,0,0,,0.40072275,0.45313302,-0.0982195,0.0010457,800,800,0
2023/09/13/15:38:31.481209,5467,0,0,,0.40072057,0.45313269,-0.1224715,0.00104427,800,800,0
2023/09/13/15:38:31.491225,5468,0,0,,0.40072341,0.45313462,-0.0855594,0.00097036,800,800,0
2023/09/13/15:38:31.501567,5469,0,0,,0.40072382,0.45313362,-0.1041593,0.00031161,800,800,0
2023/09/13/15:38:31.511343,5470,0,0,,0.40072242,0.45313358,-0.0893794,-0.0002258,800,800,0
2023/09/13/15:38:31.521370,5471,0,0,,0.40072076,0.45313352,-0.1187145,-0.0003395,800,800,0
2023/09/13/15:38:31.530986,5472,0,0,,0.40072455,0.45313449,-0.1278956,-0.0014393,800,800,0
2023/09/13/15:38:31.541432,5473,0,0,,0.40072274,0.45313267,-0.1272895,-0.0018344,800,800,0
2023/09/13/15:38:31.551126,5474,0,0,,0.40072014,0.45313352,-0.1229248,-0.0022411,800,800,0
2023/09/13/15:38:31.561115,5475,0,0,,0.40072203,0.45313284,-0.1307108,-0.002861,800,800,0
2023/09/13/15:38:31.571089,5476,0,0,,0.40072151,0.45313373,-0.1197858,-0.0023348,800,800,0
2023/09/13/15:38:31.581071,5477,0,0,,0.40072344,0.45313237,-0.0926268,-0.0017924,800,800,0
2023/09/13/15:38:31.591042,5478,0,0,,0.40072285,0.45313307,-0.1031454,-0.0003803,800,800,0
2023/09/13/15:38:31.600949,5479,0,0,,0.40072216,0.45313264,-0.1032947,-0.0003185,800,800,0
2023/09/13/15:38:31.610998,5480,0,0,,0.40072401,0.45313357,-0.1018219,0.00088143,800,800,0
2023/09/13/15:38:31.621337,5481,0,0,,0.40072259,0.45313256,-0.1307946,0.00050712,800,800,0
2023/09/13/15:38:31.631142,5482,0,0,,0.40072332,0.45313282,-0.1019624,0.0011375,800,800,0
2023/09/13/15:38:31.641035,5483,0,0,,0.40072616,0.45313257,-0.116362,0.00025797,800,800,0
2023/09/13/15:38:31.651124,5484,0,0,,0.40072418,0.4531333,-0.1013902,0.00138021,800,800,0
2023/09/13/15:38:31.661314,5485,0,0,,0.40072701,0.45313382,-0.1260711,0.00139809,800,800,0
2023/09/13/15:38:31.671194,5486,0,0,,0.40072425,0.45313311,-0.1053828,0.00094914,800,800,0
2023/09/13/15:38:31.681219,5487,0,0,,0.40072333,0.45313273,-0.0929568,0.00048256,800,800,0
2023/09/13/15:38:31.691383,5488,0,0,,0.40072112,0.45313335,-0.0907853,0.00072289,800,800,0
2023/09/13/15:38:31.701019,5489,0,0,,0.40072512,0.45313344,-0.0924524,2.05E-05,800,800,0
2023/09/13/15:38:31.711073,5490,0,0,,0.40072475,0.45313166,-0.0772292,-0.0007539,800,800,0
2023/09/13/15:38:31.721395,5491,0,0,,0.40072267,0.4531326,-0.0867689,-0.0005331,800,800,0
2023/09/13/15:38:31.731360,5492,0,0,,0.40072107,0.45313445,-0.0959165,-0.0002828,800,800,0
2023/09/13/15:38:31.741170,5493,0,0,,0.4007238,0.45313336,-0.1097259,-0.0015788,800,800,0
2023/09/13/15:38:31.751165,5494,0,0,,0.40072685,0.45313378,-0.1055843,-0.0016677,800,800,0
2023/09/13/15:38:31.762115,5495,0,0,,0.40072832,0.4531313,-0.1480517,-0.0006952,800,800,0
2023/09/13/15:38:31.771263,5496,0,0,,0.40079906,0.45309219,-0.4866835,8.34E-05,800,800,0
2023/09/13/15:38:31.782301,5497,0,0,,0.40106191,0.45292368,-2.0439195,0.00034118,800,800,0
2023/09/13/15:38:31.791488,5498,0,0,,0.40147597,0.45269476,-2.1624884,0.00119877,800,800,0
2023/09/13/15:38:31.801285,5499,0,0,,0.40189962,0.45236326,-1.2051967,-0.0014768,800,800,0
2023/09/13/15:38:31.812099,5500,0,0,,0.40244334,0.45190298,-0.5661098,-0.0046575,800,800,0
2023/09/13/15:38:31.821383,5501,0,0,,0.40325289,0.4514319,0.19929582,-0.0063074,800,800,0
2023/09/13/15:38:31.831335,5502,0,0,,0.40415211,0.45082062,0.62134144,-0.0077322,800,800,0
2023/09/13/15:38:31.841018,5503,0,0,,0.40522189,0.45013776,0.82301573,-0.0089164,800,800,0
2023/09/13/15:38:31.851394,5504,0,0,,0.40641436,0.44929699,1.77563866,-0.0069373,800,800,0
2023/09/13/15:38:31.861458,5505,0,0,,0.40777637,0.44853548,2.36481695,-0.0062764,800,800,0
2023/09/13/15:38:31.871380,5506,0,0,,0.4093371,0.44758701,1.89537472,-0.0063353,800,800,0
2023/09/13/15:38:31.881234,5507,0,0,,0.41099041,0.44653295,1.47353874,-0.0057855,800,800,0
2023/09/13/15:38:31.891348,5508,0,0,,0.41271452,0.44540061,1.9193105,-0.0055368,800,800,0
2023/09/13/15:38:31.901994,5509,0,0,,0.41454832,0.44420163,1.97680201,-0.0066948,800,800,0
2023/09/13/15:38:31.911382,5510,0,0,,0.41638054,0.44296374,2.3623012,-0.004895,800,800,0
2023/09/13/15:38:31.921181,5511,0,0,,0.41831022,0.44172111,1.91673105,-0.0037267,800,800,0
2023/09/13/15:38:31.931298,5512,0,0,,0.4203525,0.44045726,0.5212494,-0.003294,800,800,0
2023/09/13/15:38:31.941206,5513,0,0,,0.42239659,0.43917618,0.23363397,-0.0026956,800,800,0
2023/09/13/15:38:31.951320,5514,0,0,,0.42438611,0.43808746,0.93704378,-0.0014746,800,800,0
2023/09/13/15:38:31.961347,5515,0,0,,0.42640308,0.43677745,0.42342939,-0.0047545,800,800,0
2023/09/13/15:38:31.971307,5516,0,0,,0.42845063,0.43559503,-1.0495475,-0.0044718,800,800,0
2023/09/13/15:38:31.981730,5517,0,0,,0.43051805,0.43442034,-1.1295182,-0.003659,800,800,0
2023/09/13/15:38:31.991350,5518,0,0,,0.43253695,0.43332394,-1.0011061,0.00058556,800,800,0
2023/09/13/15:38:32.001197,5519,0,0,,0.43442011,0.43226493,0.57596566,0.00692511,800,800,0
2023/09/13/15:38:32.011192,5520,0,0,,0.43635173,0.43125942,-0.9932617,0.01471806,800,800,0
2023/09/13/15:38:32.021012,5521,0,0,,0.43818179,0.43025639,-1.5219403,0.01909995,800,800,0
2023/09/13/15:38:32.031309,5522,0,0,,0.43994152,0.42936744,-1.4667283,0.02331614,800,800,0
2023/09/13/15:38:32.041452,5523,0,0,,0.44163314,0.42857938,-0.9414818,0.02108765,800,800,0
2023/09/13/15:38:32.051459,5524,0,0,,0.4431815,0.4278976,-0.2597412,0.01439571,800,800,0
2023/09/13/15:38:32.061251,5525,0,0,,0.44463832,0.4271755,-0.0660353,0.00933361,800,800,0
2023/09/13/15:38:32.071396,5526,0,0,,0.44601189,0.42662467,-0.4628156,0.00639582,800,800,0
2023/09/13/15:38:32.081175,5527,0,0,,0.44729588,0.42622446,-0.814226,0.00393105,800,800,0
2023/09/13/15:38:32.091244,5528,0,0,,0.44845969,0.42588518,-0.4086315,0.00593948,800,800,0
2023/09/13/15:38:32.101518,5529,0,0,,0.44952144,0.42562269,0.14981237,0.01217151,800,800,0
2023/09/13/15:38:32.111782,5530,0,0,,0.4505104,0.42545002,-0.1065987,0.01769638,800,800,0
2023/09/13/15:38:32.122020,5531,0,0,,0.45148357,0.42540805,-0.3877452,0.01870823,800,800,0
2023/09/13/15:38:32.130921,5532,0,0,,0.45226979,0.42542209,-1.2947111,0.01884556,800,800,0
2023/09/13/15:38:32.141008,5533,0,0,,0.45303223,0.42546944,-1.7440806,0.0179522,800,800,0
2023/09/13/15:38:32.151607,5534,0,0,,0.453669,0.42560114,-1.182319,0.01536202,800,800,0
2023/09/13/15:38:32.160989,5535,0,0,,0.45425595,0.42582416,-1.0683253,0.01244044,800,800,0
2023/09/13/15:38:32.171400,5536,0,0,,0.45475993,0.42612392,-1.2192117,0.01207209,800,800,0
2023/09/13/15:38:32.181192,5537,0,0,,0.45514234,0.42649799,-0.7913279,0.01243114,800,800,0
2023/09/13/15:38:32.191276,5538,0,0,,0.45542358,0.42692657,-0.1716925,0.01133752,800,800,0
2023/09/13/15:38:32.201458,5539,0,0,,0.45559944,0.42740227,-0.4566126,0.01015925,800,800,0
2023/09/13/15:38:32.211904,5540,0,0,,0.45574336,0.42800071,-0.7317466,0.00956869,800,800,0
2023/09/13/15:38:32.221058,5541,0,0,,0.45580977,0.42854384,-1.1254869,0.00841999,800,800,0
2023/09/13/15:38:32.230982,5542,0,0,,0.45576412,0.42917762,-0.3402112,0.00689912,800,800,0
2023/09/13/15:38:32.241389,5543,0,0,,0.45563638,0.42997768,0.34276478,0.00695777,800,800,0
2023/09/13/15:38:32.251002,5544,0,0,,0.45545191,0.43070604,0.16840565,0.00619245,800,800,0
2023/09/13/15:38:32.260977,5545,0,0,,0.45519936,0.43160673,0.11298803,0.00535011,800,800,0
2023/09/13/15:38:32.271254,5546,0,0,,0.45490499,0.43253905,0.09771004,0.00478053,800,800,0
2023/09/13/15:38:32.281396,5547,0,0,,0.45458034,0.43345383,-0.1192797,0.00150228,800,800,0
2023/09/13/15:38:32.291443,5548,0,0,,0.45422449,0.43435511,-0.3059141,0.00085378,800,800,0
2023/09/13/15:38:32.301550,5549,0,0,,0.45380091,0.43534991,-0.4957,0.00039768,800,800,0
2023/09/13/15:38:32.311307,5550,0,0,,0.4534219,0.43617471,-0.3237463,-0.0001588,800,800,0
2023/09/13/15:38:32.321178,5551,0,0,,0.45300394,0.43712836,0.06906971,0.00111842,800,800,0
2023/09/13/15:38:32.331340,5552,0,0,,0.45259392,0.43828338,0.30247501,0.00262594,800,800,0
2023/09/13/15:38:32.341455,5553,0,0,,0.45216444,0.4392255,0.82647684,0.00109553,800,800,0
2023/09/13/15:38:32.351243,5554,0,0,,0.4517377,0.44021931,1.21053022,0.00156331,800,800,0
2023/09/13/15:38:32.360932,5555,0,0,,0.45129122,0.44118842,1.82466267,0.00103211,800,800,0
2023/09/13/15:38:32.371007,5556,0,0,,0.45083436,0.44212594,1.82758745,-0.0019965,800,800,0
2023/09/13/15:38:32.381817,5557,0,0,,0.45036438,0.44305555,1.9206224,0.00014949,800,800,0
2023/09/13/15:38:32.391105,5558,0,0,,0.44989465,0.44404822,1.64553267,0.00179601,800,800,0
2023/09/13/15:38:32.401552,5559,0,0,,0.44940866,0.44508053,1.6075205,7.13E-05,800,800,0
2023/09/13/15:38:32.411139,5560,0,0,,0.4489614,0.44607887,1.24002037,0.00010443,800,800,0
2023/09/13/15:38:32.420929,5561,0,0,,0.44851038,0.44702448,0.85736436,0.00143838,800,800,0
2023/09/13/15:38:32.431071,5562,0,0,,0.44806009,0.44791212,1.36621262,-0.0004613,800,800,0
2023/09/13/15:38:32.441080,5563,0,0,,0.44765858,0.448796,1.19133537,-0.0017617,800,800,0
2023/09/13/15:38:32.451189,5564,0,0,,0.44715712,0.44977988,1.35867407,-0.0013711,800,800,0
2023/09/13/15:38:32.461466,5565,0,0,,0.44672354,0.45083575,1.32740868,-0.0009305,800,800,0
2023/09/13/15:38:32.471485,5566,0,0,,0.44628444,0.45171597,1.56088996,-0.0011859,800,800,0
2023/09/13/15:38:32.481051,5567,0,0,,0.44586642,0.45240554,1.98452548,-0.0006785,800,800,0
2023/09/13/15:38:32.491060,5568,0,0,,0.44549549,0.45315729,1.73692087,-0.0012283,800,800,0
2023/09/13/15:38:32.501171,5569,0,0,,0.44515549,0.45405732,1.44995533,0.00068378,800,800,0
2023/09/13/15:38:32.511097,5570,0,0,,0.44485393,0.45497545,1.46041671,0.00139093,800,800,0
2023/09/13/15:38:32.521345,5571,0,0,,0.44455134,0.45583869,1.93693209,0.00152874,800,800,0
2023/09/13/15:38:32.531797,5572,0,0,,0.44422851,0.45647265,2.52407549,-0.0001166,800,800,0
2023/09/13/15:38:32.541910,5573,0,0,,0.44385975,0.45724181,3.1676625,0.00225925,800,800,0
2023/09/13/15:38:32.550937,5574,0,0,,0.44356212,0.45793953,3.62117279,0.00048351,800,800,0
2023/09/13/15:38:32.561057,5575,0,0,,0.44327855,0.45873925,3.1341087,-0.0015297,800,800,0
2023/09/13/15:38:32.571125,5576,0,0,,0.4430158,0.45946875,2.48802865,-0.0021977,800,800,0
2023/09/13/15:38:32.580996,5577,0,0,,0.44269833,0.46013472,2.78735425,0.00041461,800,800,0
2023/09/13/15:38:32.591093,5578,0,0,,0.4424157,0.46074645,2.62881719,-0.0007386,800,800,0
2023/09/13/15:38:32.601096,5579,0,0,,0.44220123,0.46132612,1.36578339,0.00087357,800,800,0
2023/09/13/15:38:32.611665,5580,0,0,,0.44196903,0.46192343,1.40725724,0.00103617,800,800,0
2023/09/13/15:38:32.621985,5581,0,0,,0.4417692,0.46260132,2.0763811,0.00151014,800,800,0
2023/09/13/15:38:32.631146,5582,0,0,,0.44159116,0.4632565,1.93982491,0.0011332,800,800,0
2023/09/13/15:38:32.641195,5583,0,0,,0.4413919,0.46389461,2.31567525,0.00119734,800,800,0
2023/09/13/15:38:32.651380,5584,0,0,,0.44127754,0.46443239,1.72291327,-0.0001438,800,800,0
2023/09/13/15:38:32.661070,5585,0,0,,0.44118046,0.46503137,1.33881779,0.00049329,800,800,0
2023/09/13/15:38:32.670985,5586,0,0,,0.44110101,0.46557543,1.74241478,0.00069284,800,800,0
2023/09/13/15:38:32.681185,5587,0,0,,0.44105899,0.46616142,1.52384712,0.00089478,800,800,0
2023/09/13/15:38:32.691620,5588,0,0,,0.44098964,0.46682374,2.22167773,-0.0003109,800,800,0
2023/09/13/15:38:32.701228,5589,0,0,,0.44097012,0.46748194,2.81468235,0.00011277,800,800,0
2023/09/13/15:38:32.711202,5590,0,0,,0.44097517,0.46807637,2.92566228,0.00025988,800,800,0
2023/09/13/15:38:32.720947,5591,0,0,,0.44095922,0.46874722,3.47861068,0.0001545,800,800,0
2023/09/13/15:38:32.732291,5592,0,0,,0.44097681,0.46936711,3.63730023,-0.0008571,800,800,0
2023/09/13/15:38:32.741303,5593,0,0,,0.44107053,0.46986818,2.80451194,0.0011909,800,800,0
2023/09/13/15:38:32.751150,5594,0,0,,0.44119927,0.47044847,2.18109787,0.0017364,800,800,0
2023/09/13/15:38:32.761082,5595,0,0,,0.4413715,0.47096865,2.18097962,0.00299621,800,800,0
2023/09/13/15:38:32.771152,5596,0,0,,0.44159411,0.47163705,1.8315063,0.00347519,800,800,0
2023/09/13/15:38:32.781150,5597,0,0,,0.44181592,0.47226121,2.42841411,0.00248647,800,800,0
2023/09/13/15:38:32.791939,5598,0,0,,0.44206026,0.47288694,2.73099719,0.00060225,800,800,0
2023/09/13/15:38:32.801168,5599,0,0,,0.44230936,0.47348197,3.58749334,9.23E-05,800,800,0
2023/09/13/15:38:32.811239,5600,0,0,,0.44256263,0.47406939,3.61101486,-0.0007257,800,800,0
2023/09/13/15:38:32.821043,5601,0,0,,0.44287823,0.47459868,2.78509176,-0.0008447,800,800,0
2023/09/13/15:38:32.831602,5602,0,0,,0.44321944,0.47510894,2.31373614,0.00041866,800,800,0
2023/09/13/15:38:32.841278,5603,0,0,,0.44360434,0.47560429,2.68738635,0.00030899,800,800,0
2023/09/13/15:38:32.851247,5604,0,0,,0.44390804,0.4759764,3.00499047,-3.84E-05,800,800,0
2023/09/13/15:38:32.861081,5605,0,0,,0.44438655,0.47650515,2.74619073,-4.98E-05,800,800,0
2023/09/13/15:38:32.871016,5606,0,0,,0.44479996,0.47693228,2.44236712,5.63E-05,800,800,0
2023/09/13/15:38:32.882083,5607,0,0,,0.44520069,0.47736509,2.85511195,0.00075173,800,800,0
2023/09/13/15:38:32.891183,5608,0,0,,0.4455295,0.47768127,4.30000246,0.00121546,800,800,0
2023/09/13/15:38:32.901078,5609,0,0,,0.44599544,0.4780147,3.64769027,0.00213981,800,800,0
2023/09/13/15:38:32.910959,5610,0,0,,0.44642394,0.47832699,2.9869816,0.00177622,800,800,0
2023/09/13/15:38:32.921629,5611,0,0,,0.44684499,0.47861626,3.13898552,0.00137687,800,800,0
2023/09/13/15:38:32.931255,5612,0,0,,0.44727588,0.47887342,3.44552671,0.00047493,800,800,0
2023/09/13/15:38:32.940985,5613,0,0,,0.4477303,0.47909808,3.3208778,0.00014567,800,800,0
2023/09/13/15:38:32.952369,5614,0,0,,0.44820666,0.47927118,2.37460689,-0.001024,800,800,0
2023/09/13/15:38:32.961410,5615,0,0,,0.44870143,0.47946819,2.38356318,-0.000941,800,800,0
2023/09/13/15:38:32.971460,5616,0,0,,0.44915256,0.47964749,3.30932676,2.17E-05,800,800,0
2023/09/13/15:38:32.982923,5617,0,0,,0.44957197,0.47978913,4.26283644,0.00123763,800,800,0
2023/09/13/15:38:32.991131,5618,0,0,,0.44999994,0.47993996,3.91938282,0.00213408,800,800,0
2023/09/13/15:38:33.001135,5619,0,0,,0.45048918,0.48009286,3.22043249,0.00271988,800,800,0
2023/09/13/15:38:33.011140,5620,0,0,,0.45092331,0.4802401,3.72541762,0.00242448,800,800,0
2023/09/13/15:38:33.021098,5621,0,0,,0.45136085,0.48039398,4.03001812,0.00213099,800,800,0
2023/09/13/15:38:33.031193,5622,0,0,,0.4518146,0.48054971,3.78959923,0.0016129,800,800,0
2023/09/13/15:38:33.041234,5623,0,0,,0.45224506,0.48070912,3.71913321,0.00182581,800,800,0
2023/09/13/15:38:33.052666,5624,0,0,,0.45266236,0.48087454,3.69270685,0.00194716,800,800,0
2023/09/13/15:38:33.061304,5625,0,0,,0.45307419,0.48104632,3.81443176,0.00233555,800,800,0
2023/09/13/15:38:33.071322,5626,0,0,,0.45342912,0.48121462,4.00726599,0.00199866,800,800,0
2023/09/13/15:38:33.083414,5627,0,0,,0.45379605,0.48139041,3.66448788,0.00221276,800,800,0
2023/09/13/15:38:33.092754,5628,0,0,,0.45418117,0.48157686,3.33385369,0.00217676,800,800,0
2023/09/13/15:38:33.101372,5629,0,0,,0.45445617,0.48171612,3.99859933,0.00261283,800,800,0
2023/09/13/15:38:33.112581,5630,0,0,,0.45474427,0.48186713,4.19038427,0.00309825,800,800,0
2023/09/13/15:38:33.121086,5631,0,0,,0.4549967,0.48199718,3.81321175,0.0026052,800,800,0
2023/09/13/15:38:33.130940,5632,0,0,,0.45520453,0.48214906,3.7818215,0.00152469,800,800,0
2023/09/13/15:38:33.141222,5633,0,0,,0.45537817,0.48227517,3.68764053,0.00133562,800,800,0
2023/09/13/15:38:33.151103,5634,0,0,,0.45552156,0.48239463,3.23358486,0.00079203,800,800,0
2023/09/13/15:38:33.161844,5635,0,0,,0.45563901,0.48250543,2.82208668,0.00084114,800,800,0
2023/09/13/15:38:33.171232,5636,0,0,,0.45573448,0.48259911,2.58369526,0.00063515,800,800,0
2023/09/13/15:38:33.181483,5637,0,0,,0.45579346,0.48268437,2.95473777,0.00048566,800,800,0
2023/09/13/15:38:33.191413,5638,0,0,,0.45584049,0.48276995,2.87783252,-5.94E-05,800,800,0
2023/09/13/15:38:33.201449,5639,0,0,,0.45586138,0.48283108,2.66378496,-0.0004907,800,800,0
2023/09/13/15:38:33.211302,5640,0,0,,0.45586843,0.48287389,2.78551298,-0.0019972,800,800,0
2023/09/13/15:38:33.220984,5641,0,0,,0.45586193,0.48290358,2.77155819,-0.0008011,800,800,0
2023/09/13/15:38:33.230996,5642,0,0,,0.45584283,0.48292837,2.82282869,-0.0014195,800,800,0
2023/09/13/15:38:33.241136,5643,0,0,,0.45580767,0.48294732,3.33912536,-0.002352,800,800,0
2023/09/13/15:38:33.251057,5644,0,0,,0.4557736,0.48295939,3.40848787,-0.0013251,800,800,0
2023/09/13/15:38:33.261462,5645,0,0,,0.45574066,0.48296285,3.15685409,-0.0011671,800,800,0
2023/09/13/15:38:33.271433,5646,0,0,,0.4557066,0.48296295,3.25201347,-0.0015528,800,800,0
2023/09/13/15:38:33.281766,5647,0,0,,0.45568317,0.48296424,3.2087455,-0.0009639,800,800,0
2023/09/13/15:38:33.291447,5648,0,0,,0.45567271,0.48296132,3.03225521,-6.89E-05,800,800,0
2023/09/13/15:38:33.301445,5649,0,0,,0.45566199,0.48295617,2.97647836,-0.0010741,800,800,0
2023/09/13/15:38:33.311364,5650,0,0,,0.45564645,0.48295362,3.06356616,0.00040746,800,800,0
2023/09/13/15:38:33.320904,5651,0,0,,0.45563904,0.48294712,3.00187775,3.34E-06,800,800,0
2023/09/13/15:38:33.330984,5652,0,0,,0.45563088,0.4829411,2.86752329,-0.0004289,800,800,0
2023/09/13/15:38:33.341082,5653,0,0,,0.45563018,0.48293374,2.75311804,-0.0005443,800,800,0
2023/09/13/15:38:33.351746,5654,0,0,,0.45564336,0.48292781,2.57892445,-0.0007875,800,800,0
2023/09/13/15:38:33.362257,5655,0,0,,0.45565117,0.48292076,2.48200314,-0.0013907,800,800,0
2023/09/13/15:38:33.371129,5656,0,0,,0.45565852,0.48290976,2.44983543,-0.0019391,800,800,0
2023/09/13/15:38:33.381068,5657,0,0,,0.45566428,0.4829003,2.36268199,-0.0010965,800,800,0
2023/09/13/15:38:33.391111,5658,0,0,,0.45567451,0.4828934,2.23660525,-0.0003147,800,800,0
2023/09/13/15:38:33.401344,5659,0,0,,0.45568351,0.48288597,2.12266274,0.00022054,800,800,0
2023/09/13/15:38:33.411242,5660,0,0,,0.45569363,0.48288354,2.0779807,-0.0001523,800,800,0
2023/09/13/15:38:33.421890,5661,0,0,,0.45570261,0.48288779,1.92192684,0.00017333,800,800,0
2023/09/13/15:38:33.430987,5662,0,0,,0.45570929,0.48289464,1.93855218,-0.0003111,800,800,0
2023/09/13/15:38:33.441161,5663,0,0,,0.45571535,0.48290456,1.8256376,-0.0001342,800,800,0
2023/09/13/15:38:33.451331,5664,0,0,,0.45572781,0.48291813,1.762107,-0.0011811,800,800,0
2023/09/13/15:38:33.461296,5665,0,0,,0.45573365,0.48293549,1.72788263,-0.0013711,800,800,0
2023/09/13/15:38:33.471174,5666,0,0,,0.45574053,0.48295648,1.7210726,-0.0019307,800,800,0
2023/09/13/15:38:33.481627,5667,0,0,,0.45574944,0.48298367,1.7349205,-0.0026398,800,800,0
2023/09/13/15:38:33.492149,5668,0,0,,0.45575561,0.48301241,1.85811491,-0.0032036,800,800,0
2023/09/13/15:38:33.501366,5669,0,0,,0.45576171,0.48305106,2.00226534,-0.0030377,800,800,0
2023/09/13/15:38:33.511397,5670,0,0,,0.45577539,0.48309261,2.14758316,-0.0023367,800,800,0
2023/09/13/15:38:33.521788,5671,0,0,,0.45578989,0.4831388,2.15292035,-0.0012181,800,800,0
2023/09/13/15:38:33.531191,5672,0,0,,0.45580763,0.48319018,2.25775757,-0.0003853,800,800,0
2023/09/13/15:38:33.541081,5673,0,0,,0.45582335,0.48324554,2.01583761,-0.0005133,800,800,0
2023/09/13/15:38:33.551497,5674,0,0,,0.45584162,0.4833006,1.99803165,0.00046873,800,800,0
2023/09/13/15:38:33.562389,5675,0,0,,0.45585811,0.48337829,2.10317147,0.000278,800,800,0
2023/09/13/15:38:33.571494,5676,0,0,,0.45587563,0.48345362,1.9796753,-0.0001819,800,800,0
2023/09/13/15:38:33.581102,5677,0,0,,0.4558919,0.48353695,1.78809043,4.05E-05,800,800,0
2023/09/13/15:38:33.591359,5678,0,0,,0.45590518,0.48363752,1.80422533,0.00113893,800,800,0
2023/09/13/15:38:33.601417,5679,0,0,,0.45592123,0.48376398,1.67605427,0.0005033,800,800,0
2023/09/13/15:38:33.611011,5680,0,0,,0.45592875,0.48389043,1.71569429,0.00033355,800,800,0
2023/09/13/15:38:33.621068,5681,0,0,,0.45593559,0.48403796,1.74280632,0.00101781,800,800,0
2023/09/13/15:38:33.631632,5682,0,0,,0.4559458,0.48420341,1.89801652,0.00067544,800,800,0
2023/09/13/15:38:33.640999,5683,0,0,,0.45595832,0.48439095,1.88173228,-7.49E-05,800,800,0
2023/09/13/15:38:33.651425,5684,0,0,,0.45596785,0.48460747,1.77397495,0.00043631,800,800,0
2023/09/13/15:38:33.661176,5685,0,0,,0.45598102,0.4848519,1.81945515,0.00045466,800,800,0
2023/09/13/15:38:33.671345,5686,0,0,,0.45599172,0.48511701,1.8715295,0.00115609,800,800,0
2023/09/13/15:38:33.681155,5687,0,0,,0.45600459,0.48541312,1.88749135,0.00211549,800,800,0
2023/09/13/15:38:33.690989,5688,0,0,,0.45601923,0.48574517,1.9140676,0.0018363,800,800,0
2023/09/13/15:38:33.701099,5689,0,0,,0.45603179,0.48609321,1.89186628,0.00212121,800,800,0
2023/09/13/15:38:33.711070,5690,0,0,,0.45604135,0.48646168,1.93618683,0.00317931,800,800,0
2023/09/13/15:38:33.721359,5691,0,0,,0.45605637,0.48685558,1.67870368,0.00138712,800,800,0
2023/09/13/15:38:33.731473,5692,0,0,,0.45606433,0.48729345,1.86175349,0.00146866,800,800,0
2023/09/13/15:38:33.741051,5693,0,0,,0.45607097,0.48775116,1.96653716,0.0016706,800,800,0
2023/09/13/15:38:33.751884,5694,0,0,,0.45608387,0.48821797,1.96038319,0.00273085,800,800,0
2023/09/13/15:38:33.761143,5695,0,0,,0.45609546,0.48867242,1.90893183,0.00097013,800,800,0
2023/09/13/15:38:33.771284,5696,0,0,,0.45610733,0.48926883,1.90858909,0.00247884,800,800,0
2023/09/13/15:38:33.781878,5697,0,0,,0.45611479,0.48982447,1.93508426,0.00273156,800,800,0
2023/09/13/15:38:33.791076,5698,0,0,,0.45612818,0.49040531,1.891229,0.003407,800,800,0
2023/09/13/15:38:33.801934,5699,0,0,,0.45614769,0.49102316,1.8619559,0.00154924,800,800,0
2023/09/13/15:38:33.811337,5700,0,0,,0.45615966,0.49166814,1.84304174,0.00303626,800,800,0
2023/09/13/15:38:33.820985,5701,0,0,,0.45617123,0.49234288,1.80084994,0.00366402,800,800,0
2023/09/13/15:38:33.830958,5702,0,0,,0.45618564,0.49303996,1.80697077,0.00327802,800,800,0
2023/09/13/15:38:33.840966,5703,0,0,,0.45619147,0.49378266,1.82487905,0.00262976,800,800,0
2023/09/13/15:38:33.851133,5704,0,0,,0.45620332,0.49455217,1.80057988,0.00346899,800,800,0
2023/09/13/15:38:33.861298,5705,0,0,,0.45621463,0.49536446,1.75656812,0.00217628,800,800,0
2023/09/13/15:38:33.871276,5706,0,0,,0.45622477,0.49610623,1.79918074,-0.0002751,800,800,0
2023/09/13/15:38:33.881385,5707,0,0,,0.45623356,0.49699813,1.79272056,-0.0006652,800,800,0
2023/09/13/15:38:33.891202,5708,0,0,,0.45623926,0.49779005,1.82748268,-2.07E-05,800,800,0
2023/09/13/15:38:33.901155,5709,0,0,,0.45625018,0.49858072,1.80472165,-0.0011728,800,800,0
2023/09/13/15:38:33.911949,5710,0,0,,0.45625923,0.49938992,1.84758781,0.00058556,800,800,0
2023/09/13/15:38:33.921201,5711,0,0,,0.45626845,0.50022386,1.81241774,0.00238132,800,800,0
2023/09/13/15:38:33.931391,5712,0,0,,0.45627588,0.50110666,1.8163757,0.00217366,800,800,0
2023/09/13/15:38:33.941111,5713,0,0,,0.45628414,0.50207796,1.78583283,0.00206947,800,800,0
2023/09/13/15:38:33.951121,5714,0,0,,0.45628753,0.50307664,1.78131135,0.00261998,800,800,0
2023/09/13/15:38:33.961474,5715,0,0,,0.45629589,0.50407685,1.76822111,0.001302,800,800,0
2023/09/13/15:38:33.971067,5716,0,0,,0.45630248,0.50503024,1.7176275,0.00045419,800,800,0
2023/09/13/15:38:33.981266,5717,0,0,,0.456311,0.50595642,1.73564256,0.00086999,800,800,0
2023/09/13/15:38:33.991148,5718,0,0,,0.45631337,0.5068656,1.68449093,0.00020242,800,800,0
2023/09/13/15:38:34.001219,5719,0,0,,0.45631999,0.50791492,1.67543185,0.00155115,800,800,0
2023/09/13/15:38:34.011269,5720,0,0,,0.45632135,0.50885626,1.70069015,0.00051618,800,800,0
2023/09/13/15:38:34.021288,5721,0,0,,0.45631858,0.50993112,1.75825006,-0.0005715,800,800,0
2023/09/13/15:38:34.031276,5722,0,0,,0.45632481,0.51101133,1.70560568,-0.0012584,800,800,0
2023/09/13/15:38:34.041205,5723,0,0,,0.4563257,0.51205836,1.75098801,-0.0018427,800,800,0
2023/09/13/15:38:34.051228,5724,0,0,,0.4563273,0.5130701,1.77118212,-0.0016983,800,800,0
2023/09/13/15:38:34.061274,5725,0,0,,0.45633307,0.5140514,1.7638015,-0.0005109,800,800,0
2023/09/13/15:38:34.071452,5726,0,0,,0.45633123,0.51512761,1.77530469,0.0003562,800,800,0
2023/09/13/15:38:34.081398,5727,0,0,,0.45633468,0.51627241,1.76247162,0.00153947,800,800,0
2023/09/13/15:38:34.091175,5728,0,0,,0.45633771,0.51740731,1.77667939,0.00196791,800,800,0
2023/09/13/15:38:34.101355,5729,0,0,,0.45634397,0.51861496,1.77602344,0.00081706,800,800,0
2023/09/13/15:38:34.111774,5730,0,0,,0.45634127,0.51959612,1.77797165,0.00160646,800,800,0
2023/09/13/15:38:34.121242,5731,0,0,,0.45634058,0.52077621,1.75558158,0.00284314,800,800,0
2023/09/13/15:38:34.131301,5732,0,0,,0.45634428,0.52180617,1.72792405,0.00149703,800,800,0
2023/09/13/15:38:34.141207,5733,0,0,,0.45634296,0.52301322,1.73520378,-0.0001948,800,800,0
2023/09/13/15:38:34.151012,5734,0,0,,0.45634449,0.52418063,1.74515319,0.00129056,800,800,0
2023/09/13/15:38:34.161105,5735,0,0,,0.45634708,0.52529304,1.73167527,-0.0004752,800,800,0
2023/09/13/15:38:34.171085,5736,0,0,,0.45634894,0.5263865,1.71647281,-0.0014191,800,800,0
2023/09/13/15:38:34.181043,5737,0,0,,0.45634922,0.52747553,1.69478967,-0.0019863,800,800,0
2023/09/13/15:38:34.191172,5738,0,0,,0.45634981,0.5286667,1.70281443,-0.0011351,800,800,0
2023/09/13/15:38:34.201138,5739,0,0,,0.45635024,0.52986446,1.70883734,-0.0024276,800,800,0
2023/09/13/15:38:34.211713,5740,0,0,,0.45635036,0.53097522,1.73202037,-0.0011439,800,800,0
2023/09/13/15:38:34.221349,5741,0,0,,0.45634969,0.53201822,1.73013512,-0.0015326,800,800,0
2023/09/13/15:38:34.231149,5742,0,0,,0.45635107,0.53304111,1.70205027,-0.0007536,800,800,0
2023/09/13/15:38:34.241314,5743,0,0,,0.4563542,0.53409577,1.70061126,-0.000303,800,800,0
2023/09/13/15:38:34.252243,5744,0,0,,0.45635305,0.53527398,1.69105265,-0.0004616,800,800,0
2023/09/13/15:38:34.261244,5745,0,0,,0.45635191,0.53639536,1.69547586,-0.0007553,800,800,0
2023/09/13/15:38:34.271141,5746,0,0,,0.45635501,0.53740061,1.71080061,-0.0009334,800,800,0
2023/09/13/15:38:34.281334,5747,0,0,,0.45635238,0.53834197,1.71967451,-0.0008779,800,800,0
2023/09/13/15:38:34.292621,5748,0,0,,0.45635812,0.53915549,1.50003222,-0.0009298,800,800,0
2023/09/13/15:38:34.301349,5749,0,0,,0.45640419,0.54037274,1.03801248,-0.0007794,800,800,0
2023/09/13/15:38:34.311068,5750,0,0,,0.45651065,0.54137165,0.62939852,-0.0012946,800,800,0
2023/09/13/15:38:34.321184,5751,0,0,,0.45664964,0.54242155,0.7477023,-0.0008819,800,800,0
2023/09/13/15:38:34.331418,5752,0,0,,0.45682404,0.54335483,0.97687503,-0.0019836,800,800,0
2023/09/13/15:38:34.341942,5753,0,0,,0.45704681,0.54424385,0.94794365,-0.0023265,800,800,0
2023/09/13/15:38:34.351404,5754,0,0,,0.45729344,0.54515749,1.07792265,-0.0024257,800,800,0
2023/09/13/15:38:34.361271,5755,0,0,,0.45758511,0.54617134,1.17235963,-0.0032372,800,800,0
2023/09/13/15:38:34.371371,5756,0,0,,0.45790642,0.54735286,1.16721634,-0.0035794,800,800,0
2023/09/13/15:38:34.382756,5757,0,0,,0.45823946,0.54827347,1.18769484,-0.0014226,800,800,0
2023/09/13/15:38:34.391236,5758,0,0,,0.45870653,0.54931936,1.06633563,-0.0009518,800,800,0
2023/09/13/15:38:34.401068,5759,0,0,,0.45918886,0.55014912,0.8264771,-0.0002871,800,800,0
2023/09/13/15:38:34.411066,5760,0,0,,0.45970994,0.55110383,0.8397566,0.00267458,800,800,0
2023/09/13/15:38:34.421116,5761,0,0,,0.4602627,0.55219031,0.59331164,0.0036447,800,800,0
2023/09/13/15:38:34.431340,5762,0,0,,0.46084717,0.5533108,0.39303606,0.00280261,800,800,0
2023/09/13/15:38:34.441965,5763,0,0,,0.46145772,0.55436308,0.4919392,0.00260305,800,800,0
2023/09/13/15:38:34.451035,5764,0,0,,0.46200937,0.55534895,0.5161447,0.00015974,800,800,0
2023/09/13/15:38:34.461252,5765,0,0,,0.46271853,0.55631887,0.25046302,-0.0014622,800,800,0
2023/09/13/15:38:34.471450,5766,0,0,,0.46335485,0.55747329,-0.1188331,-0.0017235,800,800,0
2023/09/13/15:38:34.481290,5767,0,0,,0.46396949,0.55853999,0.01642596,-0.0031166,800,800,0
2023/09/13/15:38:34.491359,5768,0,0,,0.46457653,0.55968112,-0.442591,-0.002625,800,800,0
2023/09/13/15:38:34.501221,5769,0,0,,0.46517992,0.56084275,-0.7645989,-0.0018649,800,800,0
2023/09/13/15:38:34.511083,5770,0,0,,0.46576971,0.56174938,-0.9693667,-0.0014882,800,800,0
2023/09/13/15:38:34.521460,5771,0,0,,0.46633238,0.56280186,-1.3869549,-0.0017693,800,800,0
2023/09/13/15:38:34.531149,5772,0,0,,0.46686492,0.56401013,-1.3787949,-0.0003476,800,800,0
2023/09/13/15:38:34.541240,5773,0,0,,0.46736109,0.56524412,-1.4797026,-0.0005527,800,800,0
2023/09/13/15:38:34.551582,5774,0,0,,0.4678026,0.5663554,-1.2948122,0.00080776,800,800,0
2023/09/13/15:38:34.561577,5775,0,0,,0.46814125,0.5673928,-0.9511507,-0.0009849,800,800,0
2023/09/13/15:38:34.571073,5776,0,0,,0.46853585,0.56846276,-0.9156888,-9.78E-05,800,800,0
2023/09/13/15:38:34.581056,5777,0,0,,0.46884221,0.56966244,-1.1759938,-0.0007813,800,800,0
2023/09/13/15:38:34.591171,5778,0,0,,0.46908585,0.57089486,-1.2002481,-0.0018215,800,800,0
2023/09/13/15:38:34.601068,5779,0,0,,0.46929758,0.57202245,-0.8079335,-0.0035141,800,800,0
2023/09/13/15:38:34.611509,5780,0,0,,0.4694408,0.57308991,-0.8475426,-0.0034404,800,800,0
2023/09/13/15:38:34.621096,5781,0,0,,0.46955046,0.5741343,-1.1391469,-0.0047617,800,800,0
2023/09/13/15:38:34.631150,5782,0,0,,0.46963974,0.57542629,-1.8783821,-0.0049875,800,800,0
2023/09/13/15:38:34.641208,5783,0,0,,0.46967575,0.57651918,-1.5559778,-0.0040343,800,800,0
2023/09/13/15:38:34.651129,5784,0,0,,0.46964454,0.5776156,-1.0538521,-0.0033245,800,800,0
2023/09/13/15:38:34.661338,5785,0,0,,0.46955414,0.57869557,-0.5774316,-0.0029473,800,800,0
2023/09/13/15:38:34.671179,5786,0,0,,0.46942376,0.57955432,-0.6281966,-0.0025158,800,800,0
2023/09/13/15:38:34.681136,5787,0,0,,0.46927307,0.5806043,-0.6790493,-0.0021145,800,800,0
2023/09/13/15:38:34.691520,5788,0,0,,0.46905258,0.58182318,-0.5726459,-0.0019367,800,800,0
2023/09/13/15:38:34.701128,5789,0,0,,0.46882811,0.58273247,-0.3819822,-0.0018659,800,800,0
2023/09/13/15:38:34.711435,5790,0,0,,0.4685623,0.58362698,-0.6230958,-0.0025973,800,800,0
2023/09/13/15:38:34.721173,5791,0,0,,0.4682595,0.58447261,-0.6361953,-0.0022042,800,800,0
2023/09/13/15:38:34.730967,5792,0,0,,0.46791371,0.5852541,-0.1270201,-0.0028996,800,800,0
2023/09/13/15:38:34.741100,5793,0,0,,0.46752045,0.58631333,0.33931045,-0.0031474,800,800,0
2023/09/13/15:38:34.750923,5794,0,0,,0.46713335,0.58724832,0.30857823,-0.0044925,800,800,0
2023/09/13/15:38:34.761021,5795,0,0,,0.46675448,0.58802036,0.23895896,-0.0044231,800,800,0
2023/09/13/15:38:34.771144,5796,0,0,,0.46635106,0.58870296,0.13424313,-0.003608,800,800,0
2023/09/13/15:38:34.781201,5797,0,0,,0.46596708,0.58937612,0.21383387,-0.0034087,800,800,0
2023/09/13/15:38:34.790958,5798,0,0,,0.46561819,0.59005936,0.02719193,-0.0029755,800,800,0
2023/09/13/15:38:34.801161,5799,0,0,,0.46521114,0.59080772,0.40239822,-0.0014651,800,800,0
2023/09/13/15:38:34.811076,5800,0,0,,0.46481918,0.59151192,1.056883,-0.0012374,800,800,0
2023/09/13/15:38:34.821454,5801,0,0,,0.46443564,0.59212196,1.09156163,-0.0028746,800,800,0
2023/09/13/15:38:34.831396,5802,0,0,,0.46404126,0.59273951,1.34496667,-0.0017214,800,800,0
2023/09/13/15:38:34.841226,5803,0,0,,0.46368593,0.59322593,1.03208157,-0.0027943,800,800,0
2023/09/13/15:38:34.851128,5804,0,0,,0.46335191,0.59373314,0.73924656,-0.0016778,800,800,0
2023/09/13/15:38:34.861098,5805,0,0,,0.46300889,0.59423217,1.16989887,-6.51E-05,800,800,0
2023/09/13/15:38:34.871159,5806,0,0,,0.46266065,0.59474088,1.76492076,-0.0009437,800,800,0
2023/09/13/15:38:34.881228,5807,0,0,,0.46230161,0.59521678,2.06133722,-0.0015545,800,800,0
2023/09/13/15:38:34.890940,5808,0,0,,0.46192446,0.59567353,2.72851643,0.00075984,800,800,0
2023/09/13/15:38:34.901117,5809,0,0,,0.46156293,0.59612275,2.61781844,-0.0012391,800,800,0
2023/09/13/15:38:34.911073,5810,0,0,,0.46117692,0.59652515,3.24042873,-0.0016739,800,800,0
2023/09/13/15:38:34.921207,5811,0,0,,0.46083678,0.59690916,2.72497731,-0.0001795,800,800,0
2023/09/13/15:38:34.931104,5812,0,0,,0.46061419,0.59722642,2.32542349,-0.0014369,800,800,0
2023/09/13/15:38:34.940952,5813,0,0,,0.46012946,0.59764607,3.41577655,-0.0021262,800,800,0
2023/09/13/15:38:34.951246,5814,0,0,,0.4597826,0.59803952,3.91211517,-0.0010636,800,800,0
2023/09/13/15:38:34.961305,5815,0,0,,0.45941556,0.59841155,4.02417733,-0.0019608,800,800,0
2023/09/13/15:38:34.971334,5816,0,0,,0.45900885,0.5987995,5.0317929,-0.0016239,800,800,0
2023/09/13/15:38:34.981078,5817,0,0,,0.45860112,0.59924877,5.41208473,0.00019002,800,800,0
2023/09/13/15:38:34.991179,5818,0,0,,0.45818219,0.59965836,5.72450409,-0.000252,800,800,0
2023/09/13/15:38:35.001201,5819,0,0,,0.45775959,0.60009195,5.65880106,0.00120568,800,800,0
2023/09/13/15:38:35.012127,5820,0,0,,0.45735536,0.60049874,5.42142583,0.00182247,800,800,0
2023/09/13/15:38:35.021069,5821,0,0,,0.45688883,0.60089582,6.42597467,0.00078535,800,800,0
2023/09/13/15:38:35.030983,5822,0,0,,0.45644618,0.6012635,6.82190024,0.00041747,800,800,0
2023/09/13/15:38:35.041137,5823,0,0,,0.4559748,0.60161601,6.85001944,0.00076938,800,800,0
2023/09/13/15:38:35.051074,5824,0,0,,0.45547487,0.60197143,7.8423638,-0.0011511,800,800,0
2023/09/13/15:38:35.061050,5825,0,0,,0.45500951,0.60226726,7.80992047,-0.0012448,800,800,0
2023/09/13/15:38:35.071065,5826,0,0,,0.45456609,0.60270247,8.23110181,-0.0001454,800,800,0
2023/09/13/15:38:35.081000,5827,0,0,,0.45405946,0.6030093,8.21640517,-8.15E-05,800,800,0
2023/09/13/15:38:35.090978,5828,0,0,,0.45362691,0.60336722,7.43551661,-0.0008407,800,800,0
2023/09/13/15:38:35.101152,5829,0,0,,0.4531553,0.60374957,8.7877327,-0.0014205,800,800,0
2023/09/13/15:38:35.110910,5830,0,0,,0.4527069,0.60412295,9.17484429,-0.0016086,800,800,0
2023/09/13/15:38:35.121256,5831,0,0,,0.45227063,0.60452633,9.50284636,-0.0013952,800,800,0
2023/09/13/15:38:35.132192,5832,0,0,,0.45173253,0.6049061,10.2732933,-0.0027635,800,800,0
2023/09/13/15:38:35.141779,5833,0,0,,0.45122302,0.60530577,10.1552667,-0.001174,800,800,0
2023/09/13/15:38:35.151560,5834,0,0,,0.45075692,0.60563621,11.0524713,-0.0010927,800,800,0
2023/09/13/15:38:35.160967,5835,0,0,,0.45027088,0.605982,11.2571037,-0.0005226,800,800,0
2023/09/13/15:38:35.171149,5836,0,0,,0.4497924,0.60631722,11.0717286,-0.0018661,800,800,0
2023/09/13/15:38:35.180973,5837,0,0,,0.44927964,0.60665231,11.9205434,-0.0005713,800,800,0
2023/09/13/15:38:35.191334,5838,0,0,,0.44871752,0.60700281,12.3342427,-0.0022655,800,800,0
2023/09/13/15:38:35.201269,5839,0,0,,0.44822369,0.60731626,12.7930511,-0.0011497,800,800,0
2023/09/13/15:38:35.211962,5840,0,0,,0.44768248,0.6076022,13.5569246,-0.0011034,800,800,0
2023/09/13/15:38:35.221267,5841,0,0,,0.4471473,0.60789668,13.8476079,0.00018954,800,800,0
2023/09/13/15:38:35.231307,5842,0,0,,0.44658271,0.60822117,14.5342177,0.00039482,800,800,0
2023/09/13/15:38:35.241295,5843,0,0,,0.44606467,0.60852901,14.1674412,0.00135493,800,800,0
2023/09/13/15:38:35.251621,5844,0,0,,0.44556342,0.60875851,14.55303,0.00084448,800,800,0
2023/09/13/15:38:35.261116,5845,0,0,,0.44496289,0.60907298,15.2854773,0.00023007,800,800,0
2023/09/13/15:38:35.270904,5846,0,0,,0.44440317,0.60937795,15.5536322,-0.000941,800,800,0
2023/09/13/15:38:35.281008,5847,0,0,,0.44380285,0.60967887,16.7779243,-0.0007017,800,800,0
2023/09/13/15:38:35.290904,5848,0,0,,0.4432237,0.60995907,16.9556878,2.03E-05,800,800,0
2023/09/13/15:38:35.301071,5849,0,0,,0.44261306,0.61027867,17.5125243,0.0003562,800,800,0
2023/09/13/15:38:35.312305,5850,0,0,,0.44204543,0.61062063,17.7821958,0.00123048,800,800,0
2023/09/13/15:38:35.320986,5851,0,0,,0.44146323,0.6108721,17.8560975,0.00292826,800,800,0
2023/09/13/15:38:35.331615,5852,0,0,,0.44080087,0.61120164,18.7259657,0.00314999,800,800,0
2023/09/13/15:38:35.340950,5853,0,0,,0.44045548,0.61147274,19.0524199,0.00101066,800,800,0
2023/09/13/15:38:35.351151,5854,0,0,,0.44045548,0.61172582,19.0524199,0.00075865,800,800,0
2023/09/13/15:38:35.360942,5855,0,0,,0.44045548,0.61198561,19.0524199,1.43E-06,800,800,0
2023/09/13/15:38:35.371064,5856,0,0,,0.44045548,0.61226163,19.0524199,-0.0023935,800,800,0
2023/09/13/15:38:35.381110,5857,0,0,,0.44045548,0.61252875,19.0524199,-0.0036261,800,800,0
2023/09/13/15:38:35.391058,5858,0,0,,0.44045548,0.61274573,19.0524199,-0.0020735,800,800,0
2023/09/13/15:38:35.401103,5859,0,0,,0.44045548,0.61301258,19.0524199,-0.0017438,800,800,0
2023/09/13/15:38:35.410982,5860,0,0,,0.44045548,0.61326672,19.0524199,-0.0007317,800,800,0
2023/09/13/15:38:35.421017,5861,0,0,,0.44045548,0.61349937,19.0524199,0.0020473,800,800,0
2023/09/13/15:38:35.431125,5862,0,0,,0.44045548,0.61376367,19.0524199,0.00221944,800,800,0
2023/09/13/15:38:35.441042,5863,0,0,,0.44045548,0.61405711,19.0524199,0.00170755,800,800,0
2023/09/13/15:38:35.451087,5864,0,0,,0.44045548,0.61430327,19.0524199,0.00182152,800,800,0
2023/09/13/15:38:35.460992,5865,0,0,,0.44045548,0.61456742,19.0524199,0.00128341,800,800,0
2023/09/13/15:38:35.471119,5866,0,0,,0.44045548,0.61489705,19.0524199,-0.0009131,800,800,0
2023/09/13/15:38:35.481335,5867,0,0,,0.44045548,0.61518787,19.0524199,-8.27E-05,800,800,0
2023/09/13/15:38:35.490988,5868,0,0,,0.44045548,0.61551169,19.0524199,-0.0009208,800,800,0
2023/09/13/15:38:35.503116,5869,0,0,,0.44045548,0.61592522,19.0524199,-0.0009067,800,800,0
2023/09/13/15:38:35.511512,5870,0,0,,0.44045548,0.61618863,19.0524199,-0.001415,800,800,0
2023/09/13/15:38:35.521070,5871,0,0,,0.44045548,0.6165438,19.0524199,-0.0016942,800,800,0
2023/09/13/15:38:35.531009,5872,0,0,,0.44045548,0.61687314,19.0524199,-0.0020685,800,800,0
2023/09/13/15:38:35.540997,5873,0,0,,0.44045548,0.61719201,19.0524199,-0.0011616,800,800,0
2023/09/13/15:38:35.551093,5874,0,0,,0.42456694,0.61752688,29.9590649,-0.0027213,800,800,0
2023/09/13/15:38:35.562003,5875,0,0,,0.423575,0.6178153,29.8877803,-0.0017409,800,800,0
2023/09/13/15:38:35.571558,5876,0,0,,0.42261967,0.61817938,28.4440674,-0.0002797,800,800,0
2023/09/13/15:38:35.582742,5877,0,0,,0.4216679,0.61852357,26.8546772,0.00061417,800,800,0
2023/09/13/15:38:35.590983,5878,0,0,,0.420979,0.61882445,25.8007127,0.00177217,800,800,0
2023/09/13/15:38:35.601127,5879,0,0,,0.4202972,0.61918233,25.448504,0.00392175,800,800,0
2023/09/13/15:38:35.611609,5880,0,0,,0.4196217,0.61952129,26.6209583,0.0025661,800,800,0
2023/09/13/15:38:35.621149,5881,0,0,,0.41911361,0.61989598,27.5342831,0.00241494,800,800,0
2023/09/13/15:38:35.630979,5882,0,0,,0.41859122,0.6202842,28.4876936,0.00192332,800,800,0
2023/09/13/15:38:35.641123,5883,0,0,,0.41815158,0.62070335,29.0364551,0.00046563,800,800,0
2023/09/13/15:38:35.650999,5884,0,0,,0.41782496,0.62113545,29.4392419,-0.0006652,800,800,0
2023/09/13/15:38:35.661267,5885,0,0,,0.41761033,0.62158891,29.8868046,-0.0003047,800,800,0
2023/09/13/15:38:35.670970,5886,0,0,,0.41749002,0.62194703,30.0766824,-0.0012941,800,800,0
2023/09/13/15:38:35.681102,5887,0,0,,0.41742541,0.62238523,30.367914,-0.0027659,800,800,0
2023/09/13/15:38:35.691270,5888,0,0,,0.41738779,0.62272549,30.9716026,-0.003952,800,800,0
2023/09/13/15:38:35.700988,5889,0,0,,0.41736178,0.62309667,31.9605055,-0.0033145,800,800,0
2023/09/13/15:38:35.710998,5890,0,0,,0.41734984,0.62343983,32.4673565,0.08421874,800,800,0
2023/09/13/15:38:35.721307,5891,0,0,,0.41735502,0.62375463,32.9317807,1.03010833,20,900,0
2023/09/13/15:38:35.731720,5892,0,0,,0.41737005,0.62399722,32.9962079,2.45473878,20,900,0
2023/09/13/15:38:35.740911,5893,0,0,,0.41737317,0.62424916,33.5299213,4.06289041,40,900,0
2023/09/13/15:38:35.751070,5894,0,0,,0.41736056,0.62450162,33.9168361,5.50251269,40,900,0
2023/09/13/15:38:35.760988,5895,0,0,,0.41732847,0.62481553,34.3570053,6.65883851,40,900,0
2023/09/13/15:38:35.771084,5896,0,0,,0.4172729,0.62511326,34.8770094,6.86761165,40,900,0
2023/09/13/15:38:35.781182,5897,0,0,,0.41718819,0.62547348,35.6722015,6.51809287,40,900,0
2023/09/13/15:38:35.792202,5898,0,0,,0.41708106,0.62583349,36.4176131,5.83077288,40,900,0
2023/09/13/15:38:35.801139,5899,0,0,,0.41694812,0.62617155,36.8271646,5.16093421,40,900,0
2023/09/13/15:38:35.811732,5900,0,0,,0.41680384,0.62649253,38.0310103,4.60552812,40,900,0
2023/09/13/15:38:35.821445,5901,0,0,,0.41664111,0.62677691,38.7826134,4.43728566,40,900,0
2023/09/13/15:38:35.831094,5902,0,0,,0.41647125,0.6270446,39.6464318,4.80783439,40,900,0
2023/09/13/15:38:35.841155,5903,0,0,,0.41629666,0.62726658,40.4489946,5.76655793,40,900,0
2023/09/13/15:38:35.851047,5904,0,0,,0.41612495,0.62750544,41.16833,6.86655974,40,900,0
2023/09/13/15:38:35.860933,5905,0,0,,0.41589711,0.62779247,42.1235112,7.62891173,40,900,0
2023/09/13/15:38:35.871109,5906,0,0,,0.41568358,0.62812635,43.0095353,7.58468652,40,900,0
2023/09/13/15:38:35.880997,5907,0,0,,0.41547946,0.62845199,43.4560026,6.79614139,40,900,0
2023/09/13/15:38:35.890931,5908,0,0,,0.4152971,0.62883283,44.0020616,5.54016566,40,900,0
2023/09/13/15:38:35.901143,5909,0,0,,0.41513644,0.62926189,44.5364127,4.4449017,40,900,0
2023/09/13/15:38:35.911128,5910,0,0,,0.4150015,0.62958971,44.6791027,4.01471186,40,900,0
2023/09/13/15:38:35.921483,5911,0,0,,0.41488664,0.62995838,44.7376818,4.19843268,40,900,0
2023/09/13/15:38:35.930970,5912,0,0,,0.41481864,0.6302338,44.9056887,4.7343905,40,900,0
2023/09/13/15:38:35.941373,5913,0,0,,0.41477852,0.63055936,44.9069478,5.1615293,40,900,0
2023/09/13/15:38:35.951130,5914,0,0,,0.4147626,0.63082006,45.1397691,5.35541534,40,900,0
2023/09/13/15:38:35.961154,5915,0,0,,0.4147931,0.6311191,44.5762891,5.27651882,40,900,0
2023/09/13/15:38:35.971108,5916,0,0,,0.41485853,0.63145201,44.3513115,5.15098572,40,900,0
2023/09/13/15:38:35.981480,5917,0,0,,0.41496707,0.63175181,43.7058441,4.97135329,40,900,0
2023/09/13/15:38:35.991451,5918,0,0,,0.41511274,0.63202981,42.8649423,4.96601844,40,900,0
2023/09/13/15:38:36.000901,5919,0,0,,0.41529364,0.63232791,42.0210627,5.06790018,40,900,0
2023/09/13/15:38:36.010993,5920,0,0,,0.41548801,0.63266256,41.4561565,5.22417212,40,900,0
2023/09/13/15:38:36.021208,5921,0,0,,0.41575046,0.63302982,40.0156425,5.3680892,40,900,0
2023/09/13/15:38:36.031173,5922,0,0,,0.41601912,0.63334622,38.7166163,5.48249817,40,900,0
2023/09/13/15:38:36.041077,5923,0,0,,0.41631173,0.63365842,37.3862905,5.53575134,40,900,0
2023/09/13/15:38:36.051379,5924,0,0,,0.41660276,0.63397314,36.2731693,5.47278261,40,900,0
2023/09/13/15:38:36.061307,5925,0,0,,0.41688613,0.63425839,35.1453525,5.28039193,40,900,0
2023/09/13/15:38:36.071161,5926,0,0,,0.41714181,0.63456829,33.9160461,4.94942832,40,900,0
2023/09/13/15:38:36.081561,5927,0,0,,0.41737427,0.63483934,33.1254864,4.67407608,40,900,0
2023/09/13/15:38:36.091248,5928,0,0,,0.41756454,0.6351393,32.1429712,4.55620909,40,900,0
2023/09/13/15:38:36.101210,5929,0,0,,0.41770877,0.63544057,31.4559941,4.67611289,40,900,0
2023/09/13/15:38:36.111134,5930,0,0,,0.41780841,0.63568797,31.1402799,4.97802162,40,900,0
2023/09/13/15:38:36.121732,5931,0,0,,0.41785273,0.63597103,31.216762,5.37802243,40,900,0
2023/09/13/15:38:36.131417,5932,0,0,,0.41786447,0.63620556,31.320438,5.66057134,40,900,0
2023/09/13/15:38:36.141109,5933,0,0,,0.41783228,0.63643515,31.5140972,5.69078946,40,900,0
2023/09/13/15:38:36.151003,5934,0,0,,0.41777612,0.63668283,31.5388309,5.4630115,40,900,0
2023/09/13/15:38:36.161071,5935,0,0,,0.41771042,0.63699026,31.5597707,5.06914258,40,900,0
2023/09/13/15:38:36.170996,5936,0,0,,0.41764935,0.63728164,31.5572673,4.61592746,40,900,0
2023/09/13/15:38:36.181712,5937,0,0,,0.41760171,0.63753466,31.233305,4.2173295,40,900,0
2023/09/13/15:38:36.191067,5938,0,0,,0.41759155,0.63778185,30.4795564,4.00445163,40,900,0
2023/09/13/15:38:36.201065,5939,0,0,,0.41761176,0.63800439,30.054636,4.05139279,40,900,0
2023/09/13/15:38:36.212009,5940,0,0,,0.41764683,0.63822464,29.6683377,4.37611365,40,900,0
2023/09/13/15:38:36.221057,5941,0,0,,0.41770333,0.63840019,29.4110125,4.86197782,40,900,0
2023/09/13/15:38:36.231120,5942,0,0,,0.4177922,0.63860019,28.5844025,5.36604905,40,900,0
2023/09/13/15:38:36.240967,5943,0,0,,0.41791012,0.63876896,27.6035418,5.7394383,40,900,0
2023/09/13/15:38:36.251056,5944,0,0,,0.41806393,0.63894713,26.8867665,5.76080632,40,900,0
2023/09/13/15:38:36.261156,5945,0,0,,0.4182494,0.63913932,25.8892084,5.48161149,40,900,0
2023/09/13/15:38:36.270971,5946,0,0,,0.41846304,0.63933044,24.5422456,5.11061668,40,900,0
2023/09/13/15:38:36.281603,5947,0,0,,0.4187157,0.63950141,23.7913113,4.83710265,40,900,0
2023/09/13/15:38:36.291232,5948,0,0,,0.41894185,0.63963806,22.4429883,4.76736712,40,900,0
2023/09/13/15:38:36.301711,5949,0,0,,0.41923819,0.63979208,21.1827958,5.01439118,40,900,0
2023/09/13/15:38:36.311112,5950,0,0,,0.41949137,0.6399366,20.3778191,5.3488524,40,900,0
2023/09/13/15:38:36.321822,5951,0,0,,0.41978845,0.64010516,19.3911569,5.60131431,40,900,0
2023/09/13/15:38:36.331287,5952,0,0,,0.420085,0.64027086,18.7037928,5.64899349,40,900,0
2023/09/13/15:38:36.341242,5953,0,0,,0.42038962,0.64044146,17.614174,5.44019842,40,900,0
2023/09/13/15:38:36.350970,5954,0,0,,0.420699,0.64059009,16.8483308,5.06979418,40,900,0
2023/09/13/15:38:36.361498,5955,0,0,,0.42104334,0.64076289,15.5999394,4.73373842,40,900,0
2023/09/13/15:38:36.371106,5956,0,0,,0.4213274,0.6409001,14.8136322,4.56507587,40,900,0
2023/09/13/15:38:36.381069,5957,0,0,,0.42161593,0.64105,13.8682781,4.63467193,40,900,0
2023/09/13/15:38:36.390985,5958,0,0,,0.42196689,0.64114949,12.4632484,4.93366146,40,900,0
2023/09/13/15:38:36.401004,5959,0,0,,0.42228051,0.64124743,11.4408442,5.33213472,40,700,0
2023/09/13/15:38:36.411408,5960,0,0,,0.4225934,0.64134112,10.2761385,5.68127418,40,700,0
2023/09/13/15:38:36.421184,5961,0,0,,0.4228932,0.64141455,9.46487375,5.86146975,40,700,0
2023/09/13/15:38:36.430976,5962,0,0,,0.42318838,0.64148886,8.48824217,5.85811949,40,500,0
2023/09/13/15:38:36.441117,5963,0,0,,0.42346692,0.64156984,7.29585861,5.70642567,40,500,0
2023/09/13/15:38:36.451195,5964,0,0,,0.42373975,0.64164376,6.13397791,5.50195527,40,500,0
2023/09/13/15:38:36.461184,5965,0,0,,0.42399114,0.64171314,5.36042771,5.38149405,40,300,0
2023/09/13/15:38:36.471635,5966,0,0,,0.42423073,0.6417669,4.39922483,5.3934145,40,300,0
2023/09/13/15:38:36.480975,5967,0,0,,0.42445229,0.6418119,3.816116,5.48090625,40,300,0
2023/09/13/15:38:36.491114,5968,0,0,,0.42465015,0.64185236,3.15573444,5.57766438,40,300,0
2023/09/13/15:38:36.501335,5969,0,0,,0.42485239,0.64188139,2.46271902,5.62788916,800,800,0
2023/09/13/15:38:36.511158,5970,0,0,,0.42500754,0.64190782,2.12536146,5.58241224,800,800,0
2023/09/13/15:38:36.521297,5971,0,0,,0.42515928,0.64192574,1.61122832,5.42523003,800,800,0
2023/09/13/15:38:36.531080,5972,0,0,,0.42529493,0.64193549,0.75866768,5.2048471,800,800,0
2023/09/13/15:38:36.541051,5973,0,0,,0.42541986,0.64194099,0.48918497,4.98179531,800,800,0
2023/09/13/15:38:36.551011,5974,0,0,,0.42552635,0.64194636,0.34921907,4.80517793,800,800,0
2023/09/13/15:38:36.561165,5975,0,0,,0.42561927,0.64194596,-0.2862143,4.69174075,800,800,0
2023/09/13/15:38:36.570973,5976,0,0,,0.42569516,0.64194348,-0.5579065,4.64870191,800,800,0
2023/09/13/15:38:36.581118,5977,0,0,,0.4257583,0.64194027,-0.5996253,4.66614652,800,800,0
2023/09/13/15:38:36.591961,5978,0,0,,0.42579713,0.64192936,-0.3377382,4.71701598,800,800,0
2023/09/13/15:38:36.601284,5979,0,0,,0.42581288,0.64191781,-0.144567,4.74619126,800,800,0
2023/09/13/15:38:36.611351,5980,0,0,,0.42580181,0.64190775,0.01992981,4.72881246,800,800,0
2023/09/13/15:38:36.621239,5981,0,0,,0.4257925,0.64190329,-0.0159596,4.66954756,800,800,0
2023/09/13/15:38:36.631003,5982,0,0,,0.42577808,0.6418982,-0.1131635,4.58281136,800,800,0
2023/09/13/15:38:36.641168,5983,0,0,,0.4257661,0.64189434,-0.1367612,4.49465394,800,800,0
2023/09/13/15:38:36.651146,5984,0,0,,0.42574192,0.64188579,0.04095923,4.43076873,800,800,0
2023/09/13/15:38:36.661078,5985,0,0,,0.42572359,0.64187419,0.0965057,4.39755583,800,800,0
2023/09/13/15:38:36.671018,5986,0,0,,0.42570863,0.64184359,0.14560148,4.37139225,800,800,0
2023/09/13/15:38:36.681583,5987,0,0,,0.42568934,0.64181275,0.23296064,4.33635926,800,800,0
2023/09/13/15:38:36.691776,5988,0,0,,0.4256734,0.64175795,0.29292038,4.26754212,800,800,0
2023/09/13/15:38:36.700959,5989,0,0,,0.42566291,0.6417042,0.2344025,4.13912892,800,800,0
2023/09/13/15:38:36.710964,5990,0,0,,0.42566133,0.64163038,0.08636611,3.92216122,800,800,0
2023/09/13/15:38:36.721145,5991,0,0,,0.42566397,0.64153145,0.16927662,3.61451459,800,800,0
2023/09/13/15:38:36.730994,5992,0,0,,0.42566672,0.64146607,0.06325794,3.21067846,800,800,0
2023/09/13/15:38:36.740922,5993,0,0,,0.42566895,0.64128609,0.044065,2.69690207,800,800,0
2023/09/13/15:38:36.751235,5994,0,0,,0.42567324,0.6411253,0.05831645,2.09693233,800,800,0
2023/09/13/15:38:36.760956,5995,0,0,,0.42567708,0.64095889,0.00755366,1.45680273,800,800,0
2023/09/13/15:38:36.771101,5996,0,0,,0.42568067,0.64072989,-0.0457004,0.86371291,800,800,0
2023/09/13/15:38:36.782421,5997,0,0,,0.42568744,0.64050789,-0.0977341,0.41233075,800,800,0
2023/09/13/15:38:36.791295,5998,0,0,,0.42568413,0.64020451,-0.1118558,0.10608149,800,800,0
2023/09/13/15:38:36.801351,5999,0,0,,0.42569015,0.63989387,-0.1925537,-0.0559103,800,800,0
2023/09/13/15:38:36.811163,6000,0,0,,0.42568226,0.63954541,-0.2056786,-0.0885785,800,800,0
2023/09/13/15:38:36.821112,6001,0,0,,0.42569422,0.63916231,-0.3483261,-0.0659893,800,800,0
2023/09/13/15:38:36.831097,6002,0,0,,0.42570004,0.63874234,-0.3224406,-0.0664604,800,800,0
2023/09/13/15:38:36.841914,6003,0,0,,0.42570028,0.63830124,-0.0929783,-0.0648887,800,800,0
2023/09/13/15:38:36.852885,6004,0,0,,0.42570095,0.63787359,-0.1081654,-0.0641479,800,800,0
2023/09/13/15:38:36.861822,6005,0,0,,0.42569944,0.63742677,-0.0324983,-0.0620904,800,800,0
2023/09/13/15:38:36.870968,6006,0,0,,0.42569119,0.63679555,0.08089151,-0.0613203,800,800,0
2023/09/13/15:38:36.881122,6007,0,0,,0.42566276,0.63628397,0.1640321,-0.060631,800,800,0
2023/09/13/15:38:36.891392,6008,0,0,,0.42562929,0.63569436,-0.2336058,-0.0606418,800,800,0
2023/09/13/15:38:36.901065,6009,0,0,,0.42556547,0.63500877,-0.0499135,-0.0608411,800,800,0
2023/09/13/15:38:36.911036,6010,0,0,,0.42549698,0.63442318,0.05327925,-0.0609262,800,800,0
2023/09/13/15:38:36.921091,6011,0,0,,0.42541632,0.63367186,-0.503872,-0.0597317,800,800,0
2023/09/13/15:38:36.931158,6012,0,0,,0.42530132,0.63302595,-0.3653082,-0.0595121,800,800,0
2023/09/13/15:38:36.941203,6013,0,0,,0.4251651,0.63228261,-0.4333985,-0.0588403,800,800,0
2023/09/13/15:38:36.951829,6014,0,0,,0.42499319,0.63153233,-0.4348764,-0.0579412,800,800,0
2023/09/13/15:38:36.960979,6015,0,0,,0.42480008,0.63074699,-0.185141,-0.0587897,800,800,0
2023/09/13/15:38:36.970954,6016,0,0,,0.42459388,0.62993186,-0.1553453,-0.0590823,800,800,0
2023/09/13/15:38:36.981699,6017,0,0,,0.42439105,0.62905315,-0.5099307,-0.0585995,800,800,0
2023/09/13/15:38:36.991515,6018,0,0,,0.42407827,0.62821409,-0.2527578,-0.0591757,800,800,0
2023/09/13/15:38:37.001100,6019,0,0,,0.42382712,0.62742364,-0.2737754,-0.0586042,800,800,0
2023/09/13/15:38:37.011124,6020,0,0,,0.4235222,0.62653776,0.11127821,-0.0580535,800,800,0
2023/09/13/15:38:37.021124,6021,0,0,,0.42319682,0.62550552,0.16736255,-0.0582819,800,800,0
2023/09/13/15:38:37.031089,6022,0,0,,0.42284791,0.62454733,0.27805648,-0.0570183,800,800,0
2023/09/13/15:38:37.041079,6023,0,0,,0.422503,0.62365054,0.2639149,-0.0562837,800,800,0
2023/09/13/15:38:37.051113,6024,0,0,,0.42214686,0.62250782,0.13961072,-0.0559573,800,800,0
2023/09/13/15:38:37.061019,6025,0,0,,0.42177586,0.62163548,0.27797741,-0.0561266,800,800,0
2023/09/13/15:38:37.071157,6026,0,0,,0.42140528,0.62030755,0.15320481,-0.053968,800,800,0
2023/09/13/15:38:37.081129,6027,0,0,,0.4209998,0.61928943,0.48601733,-0.0551288,800,800,0
2023/09/13/15:38:37.091372,6028,0,0,,0.42060868,0.61805999,0.36978753,-0.0544398,800,800,0